-0.31908,
-0.32039,
-0.32162,
-0.32275,
-0.32378,
-0.32471,
-0.32553,
-0.32625,
-0.32684,
-0.32732,
-0.32768,
-0.32792,
-0.32804,
-0.32803,
-0.32790,
-0.32763,
-0.32725,
-0.32673,
-0.32609,
-0.32532,
-0.32443,
-0.32342,
-0.32228,
-0.32103,
-0.31967,
-0.31819,
-0.31660,
-0.31491,
-0.31312,
-0.31123,
-0.30925,
-0.30719,
-0.30504,
-0.30282,
-0.30053,
-0.29818,
-0.29577,
-0.29331,
-0.29080,
-0.28826,
-0.28568,
-0.28308,
-0.28047,
-0.27785,
-0.27522,
-0.27260,
-0.26999,
-0.26740,
-0.26483,
-0.26230,
-0.25981,
-0.25737,
-0.25498,
-0.25265,
-0.25039,
-0.24820,
-0.24610,
-0.24407,
-0.24214,
-0.24031,
-0.23858,
-0.23695,
-0.23544,
-0.23404,
-0.23276,
-0.23161,
-0.23059,
-0.22969,
-0.22893,
-0.22831,
-0.22782,
-0.22747,
-0.22726,
-0.22720,
-0.22728,
-0.22750,
-0.22786,
-0.22836,
-0.22901,
-0.22979,
-0.23072,
-0.23178,
-0.23297,
-0.23429,
-0.23575,
-0.23732,
-0.23902,
-0.24084,
-0.24276,
-0.24480,
-0.24694,
-0.24918,
-0.25151,
-0.25392,
-0.25642,
-0.25899,
-0.26163,
-0.26434,
-0.26710,
-0.26991,
-0.27276,
-0.27564,
-0.27856,
-0.28149,
-0.28444,
-0.28740,
-0.29036,
-0.29331,
-0.29625,
-0.29916,
-0.30205,
-0.30490,
-0.30771,
-0.31047,
-0.31317,
-0.31581,
-0.31839,
-0.32089,
-0.32331,
-0.32564,
-0.32788,
-0.33003,
-0.33207,
-0.33401,
-0.33583,
-0.33754,
-0.33913,
-0.34060,
-0.34194,
-0.34315,
-0.34424,
-0.34518,
-0.34599,
-0.34666,
-0.34719,
-0.34758,
-0.34783,
-0.34794,
-0.34790,
-0.34772,
-0.34740,
-0.34694,
-0.34634,
-0.34560,
-0.34472,
-0.34371,
-0.34257,
-0.34130,
-0.33990,
-0.33838,
-0.33674,
-0.33498,
-0.33311,
-0.33113,
-0.32904,
-0.32686,
-0.32459,
-0.32222,
-0.31977,
-0.31724,
-0.31463,
-0.31196,
-0.30923,
-0.30643,
-0.30359,
-0.30070,
-0.29777,
-0.29481,
-0.29182,
-0.28881,
-0.28579,
-0.28276,
-0.27972,
-0.27668,
-0.27366,
-0.27065,
-0.26766,
-0.26470,
-0.26177,
-0.25888,
-0.25603,
-0.25323,
-0.25048,
-0.24779,
-0.24517,
-0.24261,
-0.24013,
-0.23773,
-0.23540,
-0.23317,
-0.23102,
-0.22897,
-0.22702,
-0.22516,
-0.22341,
-0.22177,
-0.22024,
-0.21882,
-0.21751,
-0.21632,
-0.21525,
-0.21430,
-0.21347,
-0.21276,
-0.21218,
-0.21172,
-0.21139,
-0.21119,
-0.21111,
-0.21116,
-0.21133,
-0.21163,
-0.21206,
-0.21261,
-0.21329,
-0.21409,
-0.21502,
-0.21606,
-0.21723,
-0.21851,
-0.21991,
-0.22142,
-0.22305,
-0.22479,
-0.22664,
-0.22859,
-0.23065,
-0.23281,
-0.23506,
-0.23742,
-0.23986,
-0.24240,
-0.24503,
-0.24774,
-0.25053,
-0.25340,
-0.25634,
-0.25936,
-0.26244,
-0.26559,
-0.26881,
-0.27208,
-0.27541,
-0.27878,
-0.28221,
-0.28568,
-0.28919,
-0.29274,
-0.29633,
-0.29994,
-0.30358,
-0.30725,
-0.31093,
-0.31463,
-0.31835,
-0.32207,
-0.32580,
-0.32953,
-0.33325,
-0.33697,
-0.34069,
-0.34439,
-0.34807,
-0.35173,
-0.35537,
-0.35899,
-0.36257,
-0.36612,
-0.36963,
-0.37310,
-0.37653,
-0.37991,
-0.38324,
-0.38651,
-0.38972,
-0.39288,
-0.39597,
-0.39899,
-0.40195,
-0.40482,
-0.40763,
-0.41035,
-0.41299,
-0.41554,
-0.41800,
-0.42037,
-0.42265,
-0.42483,
-0.42691,
-0.42889,
-0.43076,
-0.43253,
-0.43418,
-0.43573,
-0.43716,
-0.43847,
-0.43967,
-0.44074,
-0.44170,
-0.44253,
-0.44324,
-0.44382,
-0.44427,
-0.44459,
-0.44479,
-0.44485,
-0.44479,
-0.44459,
-0.44426,
-0.44380,
-0.44321,
-0.44248,
-0.44162,
-0.44064,
-0.43952,
-0.43827,
-0.43689,
-0.43539,
-0.43375,
-0.43200,
-0.43012,
-0.42811,
-0.42599,
-0.42375,
-0.42140,
-0.41894,
-0.41636,
-0.41368,
-0.41089,
-0.40801,
-0.40502,
-0.40195,
-0.39878,
-0.39553,
-0.39220,
-0.38879,
-0.38531,
-0.38175,
-0.37814,
-0.37446,
-0.37074,
-0.36696,
-0.36314,
-0.35927,
-0.35538,
-0.35145,
-0.34751,
-0.34354,
-0.33957,
-0.33558,
-0.33160,
-0.32762,
-0.32365,
-0.31969,
-0.31576,
-0.31186,
-0.30798,
-0.30415,
-0.30035,
-0.29661,
-0.29292,
-0.28929,
-0.28572,
-0.28223,
-0.27881,
-0.27546,
-0.27220,
-0.26903,
-0.26595,
-0.26297,
-0.26009,
-0.25732,
-0.25465,
-0.25209,
-0.24966,
-0.24733,
-0.24513,
-0.24306,
-0.24111,
-0.23928,
-0.23759,
-0.23603,
-0.23461,
-0.23332,
-0.23216,
-0.23114,
-0.23026,
-0.22951,
-0.22890,
-0.22843,
-0.22810,
-0.22790,
-0.22783,
-0.22790,
-0.22809,
-0.22842,
-0.22888,
-0.22946,
-0.23016,
-0.23098,
-0.23192,
-0.23298,
-0.23414,
-0.23541,
-0.23679,
-0.23826,
-0.23983,
-0.24149,
-0.24324,
-0.24507,
-0.24697,
-0.24895,
-0.25100,
-0.25310,
-0.25527,
-0.25749,
-0.25975,
-0.26205,
-0.26440,
-0.26677,
-0.26916,
-0.27158,
-0.27401,
-0.27645,
-0.27889,
-0.28133,
-0.28376,
-0.28618,
-0.28857,
-0.29095,
-0.29330,
-0.29561,
-0.29788,
-0.30011,
-0.30229,
-0.30442,
-0.30649,
-0.30849,
-0.31044,
-0.31231,
-0.31410,
-0.31582,
-0.31746,
-0.31901,
-0.32048,
-0.32186,
-0.32314,
-0.32432,
-0.32541,
-0.32640,
-0.32728,
-0.32807,
-0.32874,
-0.32931,
-0.32977,
-0.33013,
-0.33037,
-0.33051,
-0.33053,
-0.33045,
-0.33025,
-0.32995,
-0.32954,
-0.32902,
-0.32840,
-0.32767,
-0.32683,
-0.32590,
-0.32486,
-0.32373,
-0.32250,
-0.32117,
-0.31976,
-0.31825,
-0.31666,
-0.31499,
-0.31324,
-0.31141,
-0.30950,
-0.30753,
-0.30549,
-0.30339,
-0.30122,
-0.29900,
-0.29673,
-0.29442,
-0.29205,
-0.28965,
-0.28721,
-0.28474,
-0.28224,
-0.27972,
-0.27718,
-0.27463,
-0.27206,
-0.26949,
-0.26691,
-0.26434,
-0.26177,
-0.25921,
-0.25666,
-0.25413,
-0.25163,
-0.24915,
-0.24670,
-0.24428,
-0.24190,
-0.23956,
-0.23726,
-0.23501,
-0.23282,
-0.23067,
-0.22859,
-0.22656,
-0.22461,
-0.22271,
-0.22089,
-0.21914,
-0.21746,
-0.21586,
-0.21435,
-0.21291,
-0.21156,
-0.21030,
-0.20912,
-0.20804,
-0.20704,
-0.20614,
-0.20534,
-0.20463,
-0.20403,
-0.20352,
-0.20311,
-0.20280,
-0.20259,
-0.20248,
-0.20248,
-0.20258,
-0.20279,
-0.20310,
-0.20351,
-0.20402,
-0.20464,
-0.20536,
-0.20619,
-0.20711,
-0.20814,
-0.20927,
-0.21050,
-0.21182,
-0.21324,
-0.21476,
-0.21638,
-0.21808,
-0.21988,
-0.22177,
-0.22374,
-0.22581,
-0.22795,
-0.23018,
-0.23249,
-0.23487,
-0.23733,
-0.23986,
-0.24246,
-0.24513,
-0.24786,
-0.25066,
-0.25351,
-0.25641,
-0.25937,
-0.26238,
-0.26543,
-0.26852,
-0.27165,
-0.27482,
-0.27802,
-0.28124,
-0.28449,
-0.28776,
-0.29104,
-0.29433,
-0.29764,
-0.30094,
-0.30425,
-0.30755,
-0.31084,
-0.31412,
-0.31739,
-0.32063,
-0.32385,
-0.32703,
-0.33019,
-0.33330,
-0.33638,
-0.33940,
-0.34238,
-0.34530,
-0.34817,
-0.35097,
-0.35370,
-0.35636,
-0.35895,
-0.36146,
-0.36389,
-0.36623,
-0.36848,
-0.37063,
-0.37269,
-0.37465,
-0.37651,
-0.37826,
-0.37990,
-0.38143,
-0.38285,
-0.38414,
-0.38532,
-0.38637,
-0.38730,
-0.38810,
-0.38878,
-0.38932,
-0.38973,
-0.39001,
-0.39016,
-0.39017,
-0.39005,
-0.38979,
-0.38939,
-0.38886,
-0.38819,
-0.38738,
-0.38644,
-0.38536,
-0.38415,
-0.38281,
-0.38133,
-0.37973,
-0.37800,
-0.37614,
-0.37415,
-0.37205,
-0.36982,
-0.36748,
-0.36502,
-0.36246,
-0.35978,
-0.35701,
-0.35413,
-0.35116,
-0.34810,
-0.34495,
-0.34171,
-0.33840,
-0.33502,
-0.33156,
-0.32804,
-0.32447,
-0.32084,
-0.31716,
-0.31344,
-0.30968,
-0.30590,
-0.30208,
-0.29825,
-0.29440,
-0.29055,
-0.28669,
-0.28284,
-0.27900,
-0.27517,
-0.27137,
-0.26760,
-0.26385,
-0.26015,
-0.25650,
-0.25290,
-0.24935,
-0.24587,
-0.24246,
-0.23912,
-0.23586,
-0.23269,
-0.22961,
-0.22662,
-0.22374,
-0.22095,
-0.21828,
-0.21573,
-0.21329,
-0.21097,
-0.20878,
-0.20672,
-0.20480,
-0.20301,
-0.20136,
-0.19985,
-0.19849,
-0.19727,
-0.19621,
-0.19529,
-0.19453,
-0.19393,
-0.19348,
-0.19318,
-0.19304,
-0.19306,
-0.19324,
-0.19357,
-0.19406,
-0.19471,
-0.19551,
-0.19647,
-0.19757,
-0.19883,
-0.20024,
-0.20179,
-0.20348,
-0.20532,
-0.20730,
-0.20941,
-0.21165,
-0.21402,
-0.21652,
-0.21913,
-0.22186,
-0.22470,
-0.22765,
-0.23070,
-0.23385,
-0.23710,
-0.24042,
-0.24383,
-0.24732,
-0.25088,
-0.25450,
-0.25818,
-0.26192,
-0.26570,
-0.26952,
-0.27338,
-0.27726,
-0.28117,
-0.28510,
-0.28903,
-0.29297,
-0.29691,
-0.30083,
-0.30475,
-0.30864,
-0.31250,
-0.31633,
-0.32012,
-0.32387,
-0.32756,
-0.33120,
-0.33477,
-0.33827,
-0.34170,
-0.34505,
-0.34832,
-0.35149,
-0.35457,
-0.35755,
-0.36043,
-0.36320,
-0.36585,
-0.36839,
-0.37081,
-0.37310,
-0.37526,
-0.37730,
-0.37919,
-0.38095,
-0.38258,
-0.38405,
-0.38539,
-0.38657,
-0.38761,
-0.38850,
-0.38924,
-0.38983,
-0.39026,
-0.39054,
-0.39067,
-0.39064,
-0.39046,
-0.39013,
-0.38965,
-0.38901,
-0.38823,
-0.38729,
-0.38621,
-0.38499,
-0.38362,
-0.38211,
-0.38046,
-0.37868,
-0.37677,
-0.37472,
-0.37256,
-0.37027,
-0.36786,
-0.36533,
-0.36270,
-0.35996,
-0.35712,
-0.35419,
-0.35116,
-0.34805,
-0.34485,
-0.34158,
-0.33824,
-0.33483,
-0.33136,
-0.32784,
-0.32427,
-0.32066,
-0.31701,
-0.31333,
-0.30963,
-0.30591,
-0.30217,
-0.29843,
-0.29469,
-0.29096,
-0.28724,
-0.28354,
-0.27986,
-0.27622,
-0.27261,
-0.26904,
-0.26553,
-0.26206,
-0.25866,
-0.25533,
-0.25207,
-0.24889,
-0.24579,
-0.24278,
-0.23986,
-0.23704,
-0.23433,
-0.23172,
-0.22923,
-0.22685,
-0.22460,
-0.22247,
-0.22048,
-0.21861,
-0.21689,
-0.21530,
-0.21385,
-0.21256,
-0.21141,
-0.21041,
-0.20956,
-0.20887,
-0.20833,
-0.20795,
-0.20773,
-0.20767,
-0.20777,
-0.20803,
-0.20844,
-0.20902,
-0.20976,
-0.21065,
-0.21171,
-0.21292,
-0.21428,
-0.21580,
-0.21747,
-0.21928,
-0.22124,
-0.22335,
-0.22559,
-0.22797,
-0.23048,
-0.23312,
-0.23589,
-0.23877,
-0.24177,
-0.24489,
-0.24811,
-0.25143,
-0.25484,
-0.25835,
-0.26194,
-0.26561,
-0.26935,
-0.27316,
-0.27703,
-0.28095,
-0.28493,
-0.28894,
-0.29299,
-0.29706,
-0.30116,
-0.30527,
-0.30939,
-0.31351,
-0.31762,
-0.32172,
-0.32579,
-0.32984,
-0.33386,
-0.33784,
-0.34176,
-0.34564,
-0.34945,
-0.35319,
-0.35686,
-0.36045,
-0.36396,
-0.36737,
-0.37068,
-0.37389,
-0.37699,
-0.37998,
-0.38285,
-0.38559,
-0.38820,
-0.39068,
-0.39302,
-0.39521,
-0.39727,
-0.39917,
-0.40092,
-0.40251,
-0.40395,
-0.40523,
-0.40634,
-0.40729,
-0.40808,
-0.40869,
-0.40914,
-0.40942,
-0.40954,
-0.40948,
-0.40926,
-0.40887,
-0.40831,
-0.40759,
-0.40671,
-0.40566,
-0.40446,
-0.40309,
-0.40158,
-0.39991,
-0.39810,
-0.39614,
-0.39404,
-0.39181,
-0.38944,
-0.38695,
-0.38434,
-0.38161,
-0.37877,
-0.37583,
-0.37279,
-0.36965,
-0.36642,
-0.36312,
-0.35973,
-0.35628,
-0.35277,
-0.34921,
-0.34560,
-0.34194,
-0.33825,
-0.33454,
-0.33081,
-0.32706,
-0.32331,
-0.31957,
-0.31583,
-0.31211,
-0.30841,
-0.30475,
-0.30112,
-0.29754,
-0.29401,
-0.29054,
-0.28714,
-0.28381,
-0.28056,
-0.27739,
-0.27431,
-0.27133,
-0.26845,
-0.26568,
-0.26302,
-0.26048,
-0.25807,
-0.25578,
-0.25362,
-0.25160,
-0.24973,
-0.24799,
-0.24640,
-0.24496,
-0.24367,
-0.24254,
-0.24157,
-0.24075,
-0.24010,
-0.23960,
-0.23927,
-0.23911,
-0.23910,
-0.23926,
-0.23959,
-0.24007,
-0.24072,
-0.24153,
-0.24250,
-0.24362,
-0.24490,
-0.24634,
-0.24792,
-0.24965,
-0.25153,
-0.25355,
-0.25570,
-0.25799,
-0.26041,
-0.26295,
-0.26562,
-0.26839,
-0.27128,
-0.27428,
-0.27737,
-0.28056,
-0.28384,
-0.28720,
-0.29064,
-0.29415,
-0.29773,
-0.30136,
-0.30505,
-0.30878,
-0.31256,
-0.31636,
-0.32019,
-0.32404,
-0.32791,
-0.33178,
-0.33565,
-0.33951,
-0.34336,
-0.34720,
-0.35100,
-0.35477,
-0.35851,
-0.36219,
-0.36583,
-0.36941,
-0.37293,
-0.37638,
-0.37975,
-0.38304,
-0.38625,
-0.38937,
-0.39239,
-0.39531,
-0.39812,
-0.40083,
-0.40342,
-0.40590,
-0.40825,
-0.41048,
-0.41257,
-0.41454,
-0.41637,
-0.41807,
-0.41962,
-0.42103,
-0.42230,
-0.42342,
-0.42440,
-0.42522,
-0.42590,
-0.42642,
-0.42680,
-0.42702,
-0.42709,
-0.42701,
-0.42677,
-0.42639,
-0.42586,
-0.42518,
-0.42435,
-0.42338,
-0.42226,
-0.42100,
-0.41961,
-0.41807,
-0.41640,
-0.41460,
-0.41267,
-0.41062,
-0.40844,
-0.40615,
-0.40374,
-0.40122,
-0.39859,
-0.39586,
-0.39304,
-0.39012,
-0.38711,
-0.38401,
-0.38084,
-0.37759,
-0.37427,
-0.37089,
-0.36745,
-0.36395,
-0.36041,
-0.35682,
-0.35320,
-0.34954,
-0.34585,
-0.34215,
-0.33843,
-0.33469,
-0.33096,
-0.32722,
-0.32349,
-0.31977,
-0.31607,
-0.31240,
-0.30875,
-0.30513,
-0.30156,
-0.29802,
-0.29454,
-0.29111,
-0.28774,
-0.28444,
-0.28120,
-0.27804,
-0.27496,
-0.27196,
-0.26905,
-0.26622,
-0.26350,
-0.26087,
-0.25835,
-0.25593,
-0.25362,
-0.25143,
-0.24935,
-0.24740,
-0.24556,
-0.24385,
-0.24227,
-0.24082,
-0.23950,
-0.23832,
-0.23727,
-0.23636,
-0.23558,
-0.23495,
-0.23445,
-0.23410,
-0.23389,
-0.23382,
-0.23389,
-0.23411,
-0.23447,
-0.23496,
-0.23560,
-0.23638,
-0.23730,
-0.23835,
-0.23954,
-0.24087,
-0.24233,
-0.24391,
-0.24563,
-0.24747,
-0.24943,
-0.25151,
-0.25371,
-0.25602,
-0.25844,
-0.26097,
-0.26361,
-0.26634,
-0.26917,
-0.27208,
-0.27509,
-0.27818,
-0.28134,
-0.28458,
-0.28789,
-0.29126,
-0.29469,
-0.29818,
-0.30171,
-0.30528,
-0.30890,
-0.31254,
-0.31622,
-0.31991,
-0.32363,
-0.32735,
-0.33108,
-0.33480,
-0.33853,
-0.34224,
-0.34593,
-0.34960,
-0.35324,
-0.35685,
-0.36042,
-0.36395,
-0.36742,
-0.37084,
-0.37420,
-0.37750,
-0.38072,
-0.38388,
-0.38695,
-0.38993,
-0.39283,
-0.39563,
-0.39834,
-0.40095,
-0.40345,
-0.40584,
-0.40811,
-0.41027,
-0.41231,
-0.41423,
-0.41602,
-0.41769,
-0.41922,
-0.42062,
-0.42189,
-0.42301,
-0.42400,
-0.42485,
-0.42556,
-0.42612,
-0.42654,
-0.42682,
-0.42696,
-0.42694,
-0.42679,
-0.42649,
-0.42605,
-0.42547,
-0.42474,
-0.42388,
-0.42287,
-0.42173,
-0.42045,
-0.41905,
-0.41751,
-0.41584,
-0.41405,
-0.41213,
-0.41009,
-0.40794,
-0.40568,
-0.40331,
-0.40083,
-0.39825,
-0.39557,
-0.39280,
-0.38994,
-0.38700,
-0.38398,
-0.38088,
-0.37771,
-0.37448,
-0.37119,
-0.36784,
-0.36445,
-0.36101,
-0.35753,
-0.35402,
-0.35048,
-0.34691,
-0.34333,
-0.33974,
-0.33614,
-0.33254,
-0.32895,
-0.32536,
-0.32179,
-0.31824,
-0.31472,
-0.31123,
-0.30777,
-0.30435,
-0.30099,
-0.29767,
-0.29441,
-0.29121,
-0.28807,
-0.28501,
-0.28201,
-0.27910,
-0.27627,
-0.27352,
-0.27087,
-0.26831,
-0.26584,
-0.26348,
-0.26122,
-0.25907,
-0.25702,
-0.25509,
-0.25327,
-0.25157,
-0.24998,
-0.24852,
-0.24718,
-0.24596,
-0.24486,
-0.24390,
-0.24305,
-0.24234,
-0.24175,
-0.24129,
-0.24096,
-0.24076,
-0.24069,
-0.24074,
-0.24092,
-0.24122,
-0.24165,
-0.24221,
-0.24288,
-0.24368,
-0.24459,
-0.24563,
-0.24678,
-0.24804,
-0.24941,
-0.25089,
-0.25248,
-0.25416,
-0.25595,
-0.25784,
-0.25982,
-0.26189,
-0.26405,
-0.26629,
-0.26861,
-0.27101,
-0.27348,
-0.27602,
-0.27863,
-0.28130,
-0.28402,
-0.28680,
-0.28963,
-0.29250,
-0.29541,
-0.29836,
-0.30134,
-0.30435,
-0.30738,
-0.31044,
-0.31350,
-0.31658,
-0.31966,
-0.32275,
-0.32583,
-0.32890,
-0.33197,
-0.33502,
-0.33804,
-0.34105,
-0.34403,
-0.34697,
-0.34988,
-0.35275,
-0.35558,
-0.35836,
-0.36108,
-0.36375,
-0.36637,
-0.36892,
-0.37140,
-0.37382,
-0.37616,
-0.37843,
-0.38062,
-0.38273,
-0.38476,
-0.38670,
-0.38855,
-0.39030,
-0.39197,
-0.39353,
-0.39500,
-0.39637,
-0.39763,
-0.39879,
-0.39985,
-0.40079,
-0.40163,
-0.40236,
-0.40298,
-0.40349,
-0.40388,
-0.40417,
-0.40433,
-0.40439,
-0.40433,
-0.40415,
-0.40387,
-0.40347,
-0.40295,
-0.40233,
-0.40159,
-0.40074,
-0.39978,
-0.39871,
-0.39753,
-0.39625,
-0.39487,
-0.39338,
-0.39179,
-0.39010,
-0.38832,
-0.38644,
-0.38447,
-0.38241,
-0.38027,
-0.37804,
-0.37573,
-0.37334,
-0.37088,
-0.36835,
-0.36575,
-0.36309,
-0.36037,
-0.35759,
-0.35476,
-0.35188,
-0.34896,
-0.34600,
-0.34300,
-0.33997,
-0.33692,
-0.33384,
-0.33074,
-0.32763,
-0.32451,
-0.32138,
-0.31826,
-0.31514,
-0.31204,
-0.30894,
-0.30587,
-0.30282,
-0.29980,
-0.29681,
-0.29386,
-0.29096,
-0.28810,
-0.28529,
-0.28255,
-0.27986,
-0.27724,
-0.27469,
-0.27221,
-0.26982,
-0.26750,
-0.26528,
-0.26314,
-0.26110,
-0.25915,
-0.25731,
-0.25558,
-0.25395,
-0.25243,
-0.25103,
-0.24974,
-0.24858,
-0.24753,
-0.24661,
-0.24582,
-0.24516,
-0.24462,
-0.24422,
-0.24395,
-0.24381,
-0.24381,
-0.24394,
-0.24421,
-0.24461,
-0.24515,
-0.24583,
-0.24664,
-0.24758,
-0.24866,
-0.24987,
-0.25121,
-0.25268,
-0.25428,
-0.25600,
-0.25784,
-0.25981,
-0.26189,
-0.26409,
-0.26640,
-0.26882,
-0.27134,
-0.27397,
-0.27669,
-0.27950,
-0.28241,
-0.28540,
-0.28846,
-0.29161,
-0.29482,
-0.29810,
-0.30143,
-0.30483,
-0.30827,
-0.31175,
-0.31528,
-0.31883,
-0.32241,
-0.32602,
-0.32963,
-0.33326,
-0.33689,
-0.34051,
-0.34413,
-0.34773,
-0.35131,
-0.35486,
-0.35838,
-0.36186,
-0.36529,
-0.36868,
-0.37200,
-0.37527,
-0.37846,
-0.38158,
-0.38463,
-0.38759,
-0.39046,
-0.39323,
-0.39591,
-0.39848,
-0.40094,
-0.40329,
-0.40553,
-0.40764,
-0.40963,
-0.41149,
-0.41322,
-0.41482,
-0.41628,
-0.41760,
-0.41878,
-0.41981,
-0.42070,
-0.42144,
-0.42203,
-0.42247,
-0.42276,
-0.42290,
-0.42289,
-0.42273,
-0.42241,
-0.42195,
-0.42133,
-0.42057,
-0.41965,
-0.41859,
-0.41739,
-0.41605,
-0.41456,
-0.41294,
-0.41119,
-0.40930,
-0.40728,
-0.40514,
-0.40288,
-0.40051,
-0.39802,
-0.39542,
-0.39272,
-0.38992,
-0.38703,
-0.38405,
-0.38099,
-0.37785,
-0.37463,
-0.37136,
-0.36802,
-0.36462,
-0.36118,
-0.35769,
-0.35417,
-0.35062,
-0.34705,
-0.34346,
-0.33986,
-0.33625,
-0.33265,
-0.32905,
-0.32548,
-0.32192,
-0.31839,
-0.31489,
-0.31144,
-0.30804,
-0.30468,
-0.30139,
-0.29816,
-0.29500,
-0.29192,
-0.28893,
-0.28602,
-0.28320,
-0.28048,
-0.27787,
-0.27537,
-0.27297,
-0.27070,
-0.26855,
-0.26652,
-0.26463,
-0.26287,
-0.26124,
-0.25976,
-0.25841,
-0.25722,
-0.25617,
-0.25528,
-0.25453,
-0.25394,
-0.25351,
-0.25324,
-0.25312,
-0.25316,
-0.25336,
-0.25372,
-0.25424,
-0.25492,
-0.25576,
-0.25675,
-0.25791,
-0.25921,
-0.26067,
-0.26229,
-0.26405,
-0.26596,
-0.26801,
-0.27021,
-0.27254,
-0.27501,
-0.27761,
-0.28034,
-0.28320,
-0.28617,
-0.28926,
-0.29246,
-0.29576,
-0.29917,
-0.30268,
-0.30627,
-0.30995,
-0.31371,
-0.31755,
-0.32145,
-0.32542,
-0.32944,
-0.33352,
-0.33764,
-0.34180,
-0.34599,
-0.35020,
-0.35444,
-0.35868,
-0.36294,
-0.36719,
-0.37144,
-0.37567,
-0.37988,
-0.38407,
-0.38823,
-0.39234,
-0.39641,
-0.40043,
-0.40440,
-0.40829,
-0.41212,
-0.41587,
-0.41954,
-0.42313,
-0.42662,
-0.43001,
-0.43330,
-0.43648,
-0.43955,
-0.44250,
-0.44533,
-0.44803,
-0.45060,
-0.45304,
-0.45533,
-0.45749,
-0.45950,
-0.46136,
-0.46306,
-0.46462,
-0.46602,
-0.46726,
-0.46833,
-0.46925,
-0.47001,
-0.47059,
-0.47102,
-0.47128,
-0.47137,
-0.47129,
-0.47105,
-0.47065,
-0.47008,
-0.46934,
-0.46845,
-0.46739,
-0.46618,
-0.46480,
-0.46328,
-0.46160,
-0.45977,
-0.45780,
-0.45568,
-0.45343,
-0.45104,
-0.44852,
-0.44588,
-0.44311,
-0.44022,
-0.43723,
-0.43412,
-0.43091,
-0.42761,
-0.42422,
-0.42074,
-0.41718,
-0.41355,
-0.40985,
-0.40609,
-0.40228,
-0.39842,
-0.39452,
-0.39058,
-0.38662,
-0.38264,
-0.37864,
-0.37464,
-0.37064,
-0.36664,
-0.36266,
-0.35870,
-0.35477,
-0.35087,
-0.34702,
-0.34321,
-0.33946,
-0.33577,
-0.33216,
-0.32861,
-0.32515,
-0.32177,
-0.31849,
-0.31530,
-0.31223,
-0.30926,
-0.30640,
-0.30367,
-0.30107,
-0.29859,
-0.29625,
-0.29405,
-0.29199,
-0.29008,
-0.28832,
-0.28672,
-0.28527,
-0.28398,
-0.28285,
-0.28189,
-0.28110,
-0.28047,
-0.28001,
-0.27972,
-0.27960,
-0.27965,
-0.27987,
-0.28027,
-0.28083,
-0.28156,
-0.28247,
-0.28353,
-0.28477,
-0.28616,
-0.28772,
-0.28944,
-0.29131,
-0.29333,
-0.29550,
-0.29781,
-0.30026,
-0.30285,
-0.30558,
-0.30842,
-0.31139,
-0.31448,
-0.31768,
-0.32098,
-0.32438,
-0.32787,
-0.33145,
-0.33511,
-0.33884,
-0.34265,
-0.34651,
-0.35042,
-0.35438,
-0.35838,
-0.36241,
-0.36646,
-0.37053,
-0.37461,
-0.37869,
-0.38277,
-0.38683,
-0.39087,
-0.39489,
-0.39886,
-0.40280,
-0.40668,
-0.41051,
-0.41427,
-0.41797,
-0.42158,
-0.42511,
-0.42854,
-0.43188,
-0.43512,
-0.43824,
-0.44125,
-0.44413,
-0.44689,
-0.44951,
-0.45200,
-0.45434,
-0.45654,
-0.45858,
-0.46047,
-0.46220,
-0.46376,
-0.46516,
-0.46640,
-0.46745,
-0.46834,
-0.46905,
-0.46958,
-0.46993,
-0.47010,
-0.47009,
-0.46990,
-0.46953,
-0.46897,
-0.46824,
-0.46732,
-0.46622,
-0.46495,
-0.46350,
-0.46187,
-0.46007,
-0.45811,
-0.45597,
-0.45367,
-0.45121,
-0.44860,
-0.44583,
-0.44291,
-0.43984,
-0.43664,
-0.43330,
-0.42983,
-0.42624,
-0.42252,
-0.41870,
-0.41476,
-0.41072,
-0.40659,
-0.40236,
-0.39805,
-0.39367,
-0.38921,
-0.38469,
-0.38011,
-0.37549,
-0.37082,
-0.36611,
-0.36137,
-0.35661,
-0.35184,
-0.34705,
-0.34227,
-0.33749,
-0.33272,
-0.32797,
-0.32325,
-0.31856,
-0.31391,
-0.30931,
-0.30476,
-0.30027,
-0.29584,
-0.29149,
-0.28721,
-0.28302,
-0.27891,
-0.27490,
-0.27099,
-0.26719,
-0.26349,
-0.25991,
-0.25645,
-0.25311,
-0.24990,
-0.24683,
-0.24388,
-0.24108,
-0.23842,
-0.23591,
-0.23354,
-0.23133,
-0.22927,
-0.22737,
-0.22562,
-0.22403,
-0.22260,
-0.22134,
-0.22023,
-0.21929,
-0.21852,
-0.21791,
-0.21746,
-0.21717,
-0.21705,
-0.21709,
-0.21730,
-0.21766,
-0.21818,
-0.21886,
-0.21969,
-0.22068,
-0.22182,
-0.22310,
-0.22454,
-0.22611,
-0.22783,
-0.22968,
-0.23166,
-0.23377,
-0.23601,
-0.23837,
-0.24085,
-0.24345,
-0.24615,
-0.24896,
-0.25187,
-0.25487,
-0.25796,
-0.26114,
-0.26441,
-0.26774,
-0.27115,
-0.27463,
-0.27816,
-0.28175,
-0.28539,
-0.28908,
-0.29280,
-0.29655,
-0.30034,
-0.30414,
-0.30797,
-0.31180,
-0.31564,
-0.31948,
-0.32331,
-0.32714,
-0.33094,
-0.33473,
-0.33849,
-0.34221,
-0.34590,
-0.34955,
-0.35315,
-0.35669,
-0.36018,
-0.36360,
-0.36696,
-0.37025,
-0.37345,
-0.37658,
-0.37962,
-0.38258,
-0.38544,
-0.38820,
-0.39086,
-0.39342,
-0.39587,
-0.39820,
-0.40043,
-0.40253,
-0.40452,
-0.40638,
-0.40811,
-0.40972,
-0.41120,
-0.41254,
-0.41375,
-0.41483,
-0.41577,
-0.41657,
-0.41723,
-0.41775,
-0.41813,
-0.41837,
-0.41847,
-0.41843,
-0.41824,
-0.41792,
-0.41746,
-0.41685,
-0.41611,
-0.41524,
-0.41423,
-0.41308,
-0.41180,
-0.41040,
-0.40886,
-0.40720,
-0.40542,
-0.40352,
-0.40151,
-0.39938,
-0.39714,
-0.39480,
-0.39235,
-0.38981,
-0.38717,
-0.38444,
-0.38163,
-0.37874,
-0.37577,
-0.37274,
-0.36964,
-0.36647,
-0.36326,
-0.35999,
-0.35668,
-0.35334,
-0.34996,
-0.34656,
-0.34313,
-0.33970,
-0.33625,
-0.33281,
-0.32937,
-0.32594,
-0.32253,
-0.31914,
-0.31579,
-0.31247,
-0.30919,
-0.30597,
-0.30280,
-0.29969,
-0.29665,
-0.29369,
-0.29081,
-0.28801,
-0.28531,
-0.28271,
-0.28021,
-0.27783,
-0.27556,
-0.27341,
-0.27139,
-0.26949,
-0.26774,
-0.26613,
-0.26466,
-0.26334,
-0.26218,
-0.26118,
-0.26034,
-0.25966,
-0.25915,
-0.25882,
-0.25865,
-0.25867,
-0.25886,
-0.25924,
-0.25980,
-0.26054,
-0.26146,
-0.26257,
-0.26387,
-0.26536,
-0.26703,
-0.26888,
-0.27092,
-0.27315,
-0.27555,
-0.27814,
-0.28091,
-0.28385,
-0.28697,
-0.29026,
-0.29371,
-0.29733,
-0.30111,
-0.30505,
-0.30914,
-0.31338,
-0.31776,
-0.32227,
-0.32692,
-0.33169,
-0.33659,
-0.34159,
-0.34671,
-0.35192,
-0.35723,
-0.36263,
-0.36810,
-0.37365,
-0.37926,
-0.38493,
-0.39065,
-0.39641,
-0.40220,
-0.40801,
-0.41385,
-0.41969,
-0.42553,
-0.43136,
-0.43717,
-0.44296,
-0.44872,
-0.45443,
-0.46009,
-0.46569,
-0.47122,
-0.47668,
-0.48205,
-0.48733,
-0.49251,
-0.49759,
-0.50254,
-0.50738,
-0.51208,
-0.51664,
-0.52106,
-0.52533,
-0.52944,
-0.53339,
-0.53716,
-0.54076,
-0.54418,
-0.54742,
-0.55046,
-0.55330,
-0.55594,
-0.55838,
-0.56062,
-0.56264,
-0.56444,
-0.56603,
-0.56740,
-0.56855,
-0.56947,
-0.57018,
-0.57065,
-0.57090,
-0.57093,
-0.57073,
-0.57031,
-0.56966,
-0.56879,
-0.56770,
-0.56639,
-0.56486,
-0.56312,
-0.56117,
-0.55902,
-0.55666,
-0.55410,
-0.55134,
-0.54840,
-0.54527,
-0.54196,
-0.53848,
-0.53483,
-0.53102,
-0.52705,
-0.52293,
-0.51867,
-0.51428,
-0.50975,
-0.50511,
-0.50035,
-0.49549,
-0.49053,
-0.48549,
-0.48036,
-0.47516,
-0.46989,
-0.46457,
-0.45920,
-0.45379,
-0.44835,
-0.44289,
-0.43742,
-0.43194,
-0.42646,
-0.42100,
-0.41556,
-0.41014,
-0.40477,
-0.39944,
-0.39416,
-0.38894,
-0.38379,
-0.37872,
-0.37373,
-0.36883,
-0.36402,
-0.35933,
-0.35474,
-0.35027,
-0.34592,
-0.34170,
-0.33762,
-0.33367,
-0.32987,
-0.32622,
-0.32272,
-0.31938,
-0.31620,
-0.31319,
-0.31034,
-0.30767,
-0.30517,
-0.30284,
-0.30069,
-0.29872,
-0.29693,
-0.29532,
-0.29389,
-0.29265,
-0.29158,
-0.29070,
-0.28999,
-0.28947,
-0.28913,
-0.28896,
-0.28896,
-0.28914,
-0.28948,
-0.29000,
-0.29067,
-0.29151,
-0.29250,
-0.29364,
-0.29494,
-0.29637,
-0.29795,
-0.29966,
-0.30150,
-0.30347,
-0.30555,
-0.30775,
-0.31005,
-0.31246,
-0.31496,
-0.31755,
-0.32023,
-0.32298,
-0.32580,
-0.32869,
-0.33163,
-0.33463,
-0.33767,
-0.34075,
-0.34386,
-0.34700,
-0.35015,
-0.35331,
-0.35648,
-0.35965,
-0.36281,
-0.36596,
-0.36908,
-0.37218,
-0.37525,
-0.37827,
-0.38126,
-0.38419,
-0.38707,
-0.38988,
-0.39263,
-0.39531,
-0.39791,
-0.40043,
-0.40286,
-0.40521,
-0.40746,
-0.40961,
-0.41167,
-0.41361,
-0.41545,
-0.41718,
-0.41879,
-0.42029,
-0.42167,
-0.42293,
-0.42406,
-0.42508,
-0.42596,
-0.42672,
-0.42735,
-0.42786,
-0.42823,
-0.42848,
-0.42860,
-0.42859,
-0.42845,
-0.42819,
-0.42780,
-0.42728,
-0.42665,
-0.42589,
-0.42501,
-0.42401,
-0.42289,
-0.42167,
-0.42033,
-0.41888,
-0.41733,
-0.41568,
-0.41393,
-0.41208,
-0.41014,
-0.40811,
-0.40600,
-0.40380,
-0.40153,
-0.39918,
-0.39677,
-0.39429,
-0.39175,
-0.38915,
-0.38651,
-0.38381,
-0.38107,
-0.37830,
-0.37548,
-0.37264,
-0.36978,
-0.36689,
-0.36399,
-0.36107,
-0.35815,
-0.35522,
-0.35230,
-0.34938,
-0.34647,
-0.34358,
-0.34070,
-0.33785,
-0.33503,
-0.33223,
-0.32947,
-0.32674,
-0.32406,
-0.32142,
-0.31883,
-0.31630,
-0.31381,
-0.31139,
-0.30902,
-0.30672,
-0.30449,
-0.30232,
-0.30023,
-0.29820,
-0.29626,
-0.29439,
-0.29260,
-0.29089,
-0.28926,
-0.28772,
-0.28626,
-0.28489,
-0.28360,
-0.28240,
-0.28129,
-0.28027,
-0.27934,
-0.27850,
-0.27775,
-0.27709,
-0.27651,
-0.27603,
-0.27563,
-0.27533,
-0.27511,
-0.27497,
-0.27492,
-0.27496,
-0.27508,
-0.27528,
-0.27557,
-0.27593,
-0.27637,
-0.27688,
-0.27747,
-0.27813,
-0.27886,
-0.27966,
-0.28053,
-0.28146,
-0.28245,
-0.28350,
-0.28461,
-0.28577,
-0.28698,
-0.28824,
-0.28955,
-0.29090,
-0.29229,
-0.29372,
-0.29519,
-0.29669,
-0.29822,
-0.29978,
-0.30136,
-0.30296,
-0.30458,
-0.30621,
-0.30786,
-0.30952,
-0.31118,
-0.31285,
-0.31452,
-0.31619,
-0.31785,
-0.31951,
-0.32115,
-0.32278,
-0.32440,
-0.32600,
-0.32757,
-0.32912,
-0.33065,
-0.33215,
-0.33361,
-0.33505,
-0.33644,
-0.33780,
-0.33912,
-0.34039,
-0.34162,
-0.34281,
-0.34394,
-0.34503,
-0.34606,
-0.34703,
-0.34795,
-0.34882,
-0.34962,
-0.35037,
-0.35105,
-0.35167,
-0.35223,
-0.35272,
-0.35315,
-0.35350,
-0.35380,
-0.35402,
-0.35417,
-0.35426,
-0.35428,
-0.35422,
-0.35410,
-0.35391,
-0.35365,
-0.35332,
-0.35292,
-0.35245,
-0.35192,
-0.35131,
-0.35064,
-0.34991,
-0.34911,
-0.34825,
-0.34732,
-0.34634,
-0.34529,
-0.34419,
-0.34303,
-0.34182,
-0.34056,
-0.33924,
-0.33787,
-0.33646,
-0.33501,
-0.33351,
-0.33198,
-0.33041,
-0.32880,
-0.32716,
-0.32550,
-0.32381,
-0.32210,
-0.32036,
-0.31861,
-0.31685,
-0.31508,
-0.31330,
-0.31152,
-0.30974,
-0.30796,
-0.30619,
-0.30443,
-0.30268,
-0.30095,
-0.29924,
-0.29756,
-0.29591,
-0.29428,
-0.29270,
-0.29115,
-0.28964,
-0.28819,
-0.28678,
-0.28542,
-0.28412,
-0.28288,
-0.28171,
-0.28060,
-0.27956,
-0.27859,
-0.27770,
-0.27689,
-0.27616,
-0.27551,
-0.27495,
-0.27448,
-0.27410,
-0.27382,
-0.27363,
-0.27355,
-0.27356,
-0.27367,
-0.27389,
-0.27421,
-0.27464,
-0.27518,
-0.27582,
-0.27657,
-0.27744,
-0.27841,
-0.27949,
-0.28069,
-0.28199,
-0.28340,
-0.28493,
-0.28656,
-0.28830,
-0.29014,
-0.29209,
-0.29415,
-0.29630,
-0.29856,
-0.30092,
-0.30337,
-0.30591,
-0.30854,
-0.31127,
-0.31407,
-0.31696,
-0.31993,
-0.32297,
-0.32608,
-0.32926,
-0.33250,
-0.33581,
-0.33916,
-0.34257,
-0.34602,
-0.34951,
-0.35304,
-0.35660,
-0.36019,
-0.36380,
-0.36742,
-0.37105,
-0.37469,
-0.37833,
-0.38197,
-0.38559,
-0.38920,
-0.39278,
-0.39634,
-0.39987,
-0.40335,
-0.40679,
-0.41019,
-0.41352,
-0.41680,
-0.42001,
-0.42316,
-0.42622,
-0.42921,
-0.43211,
-0.43492,
-0.43763,
-0.44024,
-0.44275,
-0.44515,
-0.44744,
-0.44961,
-0.45167,
-0.45359,
-0.45540,
-0.45707,
-0.45860,
-0.46000,
-0.46126,
-0.46239,
-0.46336,
-0.46420,
-0.46488,
-0.46542,
-0.46581,
-0.46605,
-0.46613,
-0.46607,
-0.46586,
-0.46549,
-0.46497,
-0.46431,
-0.46349,
-0.46253,
-0.46142,
-0.46016,
-0.45876,
-0.45722,
-0.45554,
-0.45373,
-0.45178,
-0.44970,
-0.44750,
-0.44517,
-0.44273,
-0.44016,
-0.43749,
-0.43471,
-0.43183,
-0.42885,
-0.42577,
-0.42261,
-0.41937,
-0.41605,
-0.41265,
-0.40920,
-0.40567,
-0.40210,
-0.39847,
-0.39481,
-0.39110,
-0.38737,
-0.38360,
-0.37982,
-0.37603,
-0.37223,
-0.36843,
-0.36463,
-0.36084,
-0.35707,
-0.35333,
-0.34961,
-0.34593,
-0.34229,
-0.33870,
-0.33515,
-0.33167,
-0.32824,
-0.32489,
-0.32161,
-0.31840,
-0.31528,
-0.31224,
-0.30930,
-0.30644,
-0.30369,
-0.30105,
-0.29850,
-0.29607,
-0.29375,
-0.29155,
-0.28946,
-0.28750,
-0.28566,
-0.28394,
-0.28235,
-0.28089,
-0.27956,
-0.27835,
-0.27728,
-0.27634,
-0.27554,
-0.27486,
-0.27432,
-0.27390,
-0.27362,
-0.27347,
-0.27344,
-0.27354,
-0.27377,
-0.27412,
-0.27459,
-0.27517,
-0.27588,
-0.27670,
-0.27762,
-0.27866,
-0.27980,
-0.28104,
-0.28237,
-0.28380,
-0.28532,
-0.28693,
-0.28861,
-0.29037,
-0.29221,
-0.29411,
-0.29607,
-0.29809,
-0.30017,
-0.30229,
-0.30446,
-0.30666,
-0.30890,
-0.31117,
-0.31346,
-0.31577,
-0.31809,
-0.32042,
-0.32275,
-0.32508,
-0.32741,
-0.32972,
-0.33202,
-0.33429,
-0.33654,
-0.33876,
-0.34094,
-0.34308,
-0.34518,
-0.34723,
-0.34922,
-0.35116,
-0.35304,
-0.35486,
-0.35661,
-0.35828,
-0.35988,
-0.36141,
-0.36285,
-0.36421,
-0.36549,
-0.36667,
-0.36777,
-0.36877,
-0.36967,
-0.37048,
-0.37120,
-0.37181,
-0.37232,
-0.37273,
-0.37304,
-0.37324,
-0.37334,
-0.37334,
-0.37324,
-0.37303,
-0.37271,
-0.37230,
-0.37178,
-0.37116,
-0.37044,
-0.36962,
-0.36870,
-0.36769,
-0.36658,
-0.36538,
-0.36409,
-0.36271,
-0.36125,
-0.35970,
-0.35806,
-0.35635,
-0.35457,
-0.35271,
-0.35078,
-0.34879,
-0.34673,
-0.34461,
-0.34243,
-0.34020,
-0.33792,
-0.33560,
-0.33323,
-0.33083,
-0.32838,
-0.32591,
-0.32341,
-0.32089,
-0.31835,
-0.31579,
-0.31322,
-0.31064,
-0.30806,
-0.30549,
-0.30291,
-0.30035,
-0.29779,
-0.29526,
-0.29274,
-0.29025,
-0.28778,
-0.28535,
-0.28295,
-0.28059,
-0.27828,
-0.27600,
-0.27378,
-0.27162,
-0.26950,
-0.26745,
-0.26546,
-0.26353,
-0.26168,
-0.25989,
-0.25818,
-0.25654,
-0.25498,
-0.25351,
-0.25211,
-0.25080,
-0.24958,
-0.24845,
-0.24740,
-0.24645,
-0.24559,
-0.24483,
-0.24416,
-0.24359,
-0.24312,
-0.24275,
-0.24247,
-0.24230,
-0.24222,
-0.24225,
-0.24237,
-0.24259,
-0.24292,
-0.24334,
-0.24386,
-0.24448,
-0.24519,
-0.24600,
-0.24691,
-0.24790,
-0.24899,
-0.25017,
-0.25144,
-0.25279,
-0.25423,
-0.25575,
-0.25735,
-0.25902,
-0.26078,
-0.26260,
-0.26449,
-0.26646,
-0.26848,
-0.27057,
-0.27271,
-0.27491,
-0.27716,
-0.27945,
-0.28179,
-0.28417,
-0.28659,
-0.28904,
-0.29152,
-0.29402,
-0.29655,
-0.29909,
-0.30165,
-0.30422,
-0.30679,
-0.30936,
-0.31193,
-0.31450,
-0.31705,
-0.31959,
-0.32211,
-0.32460,
-0.32707,
-0.32951,
-0.33191,
-0.33427,
-0.33659,
-0.33886,
-0.34108,
-0.34324,
-0.34535,
-0.34739,
-0.34937,
-0.35128,
-0.35312,
-0.35488,
-0.35656,
-0.35816,
-0.35968,
-0.36111,
-0.36245,
-0.36369,
-0.36484,
-0.36590,
-0.36685,
-0.36770,
-0.36845,
-0.36909,
-0.36963,
-0.37006,
-0.37038,
-0.37059,
-0.37069,
-0.37067,
-0.37055,
-0.37031,
-0.36996,
-0.36950,
-0.36893,
-0.36824,
-0.36745,
-0.36654,
-0.36552,
-0.36440,
-0.36317,
-0.36183,
-0.36039,
-0.35884,
-0.35720,
-0.35546,
-0.35362,
-0.35169,
-0.34967,
-0.34757,
-0.34537,
-0.34310,
-0.34075,
-0.33832,
-0.33582,
-0.33326,
-0.33063,
-0.32794,
-0.32519,
-0.32239,
-0.31955,
-0.31666,
-0.31373,
-0.31077,
-0.30777,
-0.30476,
-0.30171,
-0.29866,
-0.29559,
-0.29251,
-0.28944,
-0.28636,
-0.28329,
-0.28023,
-0.27719,
-0.27418,
-0.27118,
-0.26822,
-0.26530,
-0.26241,
-0.25957,
-0.25678,
-0.25404,
-0.25136,
-0.24874,
-0.24618,
-0.24370,
-0.24129,
-0.23896,
-0.23671,
-0.23455,
-0.23248,
-0.23050,
-0.22861,
-0.22682,
-0.22513,
-0.22355,
-0.22207,
-0.22071,
-0.21945,
-0.21831,
-0.21728,
-0.21637,
-0.21558,
-0.21491,
-0.21436,
-0.21393,
-0.21362,
-0.21344,
-0.21338,
-0.21345,
-0.21364,
-0.21396,
-0.21440,
-0.21496,
-0.21564,
-0.21645,
-0.21738,
-0.21843,
-0.21960,
-0.22088,
-0.22228,
-0.22379,
-0.22541,
-0.22714,
-0.22898,
-0.23092,
-0.23297,
-0.23511,
-0.23735,
-0.23968,
-0.24210,
-0.24460,
-0.24719,
-0.24986,
-0.25260,
-0.25541,
-0.25829,
-0.26124,
-0.26425,
-0.26731,
-0.27042,
-0.27358,
-0.27678,
-0.28002,
-0.28330,
-0.28660,
-0.28994,
-0.29329,
-0.29666,
-0.30004,
-0.30343,
-0.30683,
-0.31022,
-0.31361,
-0.31699,
-0.32036,
-0.32371,
-0.32703,
-0.33033,
-0.33360,
-0.33684,
-0.34004,
-0.34319,
-0.34630,
-0.34936,
-0.35237,
-0.35532,
-0.35821,
-0.36103,
-0.36379,
-0.36648,
-0.36910,
-0.37164,
-0.37411,
-0.37649,
-0.37880,
-0.38101,
-0.38314,
-0.38518,
-0.38713,
-0.38899,
-0.39075,
-0.39242,
-0.39399,
-0.39546,
-0.39684,
-0.39811,
-0.39929,
-0.40036,
-0.40134,
-0.40221,
-0.40298,
-0.40365,
-0.40422,
-0.40470,
-0.40507,
-0.40534,
-0.40552,
-0.40560,
-0.40559,
-0.40548,
-0.40529,
-0.40500,
-0.40462,
-0.40416,
-0.40361,
-0.40299,
-0.40228,
-0.40150,
-0.40064,
-0.39971,
-0.39871,
-0.39765,
-0.39652,
-0.39534,
-0.39410,
-0.39280,
-0.39146,
-0.39007,
-0.38864,
-0.38717,
-0.38566,
-0.38412,
-0.38256,
-0.38097,
-0.37937,
-0.37774,
-0.37611,
-0.37447,
-0.37282,
-0.37117,
-0.36953,
-0.36790,
-0.36627,
-0.36467,
-0.36308,
-0.36152,
-0.35999,
-0.35848,
-0.35702,
-0.35559,
-0.35420,
-0.35286,
-0.35157,
-0.35034,
-0.34916,
-0.34804,
-0.34698,
-0.34599,
-0.34507,
-0.34422,
-0.34345,
-0.34275,
-0.34214,
-0.34161,
-0.34116,
-0.34080,
-0.34052,
-0.34034,
-0.34025,
-0.34025,
-0.34035,
-0.34055,
-0.34084,
-0.34123,
-0.34172,
-0.34231,
-0.34300,
-0.34379,
-0.34468,
-0.34567,
-0.34676,
-0.34795,
-0.34923,
-0.35062,
-0.35210,
-0.35368,
-0.35535,
-0.35711,
-0.35896,
-0.36091,
-0.36294,
-0.36505,
-0.36725,
-0.36952,
-0.37188,
-0.37430,
-0.37680,
-0.37937,
-0.38200,
-0.38470,
-0.38745,
-0.39025,
-0.39311,
-0.39601,
-0.39896,
-0.40194,
-0.40496,
-0.40801,
-0.41109,
-0.41419,
-0.41730,
-0.42043,
-0.42357,
-0.42671,
-0.42985,
-0.43298,
-0.43610,
-0.43921,
-0.44230,
-0.44536,
-0.44839,
-0.45139,
-0.45435,
-0.45727,
-0.46014,
-0.46296,
-0.46572,
-0.46842,
-0.47106,
-0.47362,
-0.47612,
-0.47853,
-0.48086,
-0.48311,
-0.48527,
-0.48734,
-0.48931,
-0.49117,
-0.49294,
-0.49460,
-0.49616,
-0.49760,
-0.49892,
-0.50013,
-0.50123,
-0.50220,
-0.50304,
-0.50377,
-0.50437,
-0.50484,
-0.50518,
-0.50539,
-0.50548,
-0.50543,
-0.50525,
-0.50494,
-0.50450,
-0.50392,
-0.50322,
-0.50238,
-0.50142,
-0.50033,
-0.49911,
-0.49776,
-0.49629,
-0.49469,
-0.49298,
-0.49114,
-0.48919,
-0.48712,
-0.48494,
-0.48265,
-0.48026,
-0.47776,
-0.47516,
-0.47246,
-0.46967,
-0.46678,
-0.46381,
-0.46076,
-0.45762,
-0.45441,
-0.45113,
-0.44778,
-0.44436,
-0.44089,
-0.43736,
-0.43378,
-0.43015,
-0.42648,
-0.42277,
-0.41903,
-0.41526,
-0.41146,
-0.40764,
-0.40381,
-0.39997,
-0.39612,
-0.39227,
-0.38842,
-0.38457,
-0.38074,
-0.37692,
-0.37312,
-0.36934,
-0.36559,
-0.36188,
-0.35819,
-0.35455,
-0.35095,
-0.34739,
-0.34389,
-0.34044,
-0.33705,
-0.33371,
-0.33044,
-0.32724,
-0.32410,
-0.32104,
-0.31805,
-0.31514,
-0.31230,
-0.30955,
-0.30689,
-0.30431,
-0.30181,
-0.29941,
-0.29710,
-0.29488,
-0.29275,
-0.29072,
-0.28878,
-0.28695,
-0.28521,
-0.28356,
-0.28202,
-0.28058,
-0.27923,
-0.27799,
-0.27684,
-0.27580,
-0.27485,
-0.27401,
-0.27326,
-0.27261,
-0.27205,
-0.27160,
-0.27123,
-0.27097,
-0.27079,
-0.27071,
-0.27072,
-0.27081,
-0.27100,
-0.27127,
-0.27163,
-0.27206,
-0.27258,
-0.27318,
-0.27385,
-0.27460,
-0.27543,
-0.27632,
-0.27728,
-0.27831,
-0.27940,
-0.28055,
-0.28176,
-0.28303,
-0.28435,
-0.28572,
-0.28715,
-0.28862,
-0.29013,
-0.29168,
-0.29328,
-0.29491,
-0.29657,
-0.29826,
-0.29998,
-0.30173,
-0.30350,
-0.30529,
-0.30710,
-0.30892,
-0.31076,
-0.31261,
-0.31446,
-0.31632,
-0.31818,
-0.32004,
-0.32189,
-0.32375,
-0.32559,
-0.32743,
-0.32925,
-0.33106,
-0.33285,
-0.33463,
-0.33638,
-0.33811,
-0.33981,
-0.34149,
-0.34314,
-0.34476,
-0.34635,
-0.34790,
-0.34941,
-0.35089,
-0.35233,
-0.35373,
-0.35508,
-0.35640,
-0.35766,
-0.35889,
-0.36006,
-0.36119,
-0.36227,
-0.36330,
-0.36427,
-0.36520,
-0.36608,
-0.36690,
-0.36767,
-0.36838,
-0.36905,
-0.36965,
-0.37021,
-0.37071,
-0.37116,
-0.37155,
-0.37189,
-0.37218,
-0.37241,
-0.37259,
-0.37272,
-0.37280,
-0.37283,
-0.37281,
-0.37274,
-0.37262,
-0.37246,
-0.37225,
-0.37200,
-0.37171,
-0.37137,
-0.37100,
-0.37058,
-0.37013,
-0.36965,
-0.36913,
-0.36859,
-0.36801,
-0.36740,
-0.36677,
-0.36612,
-0.36545,
-0.36475,
-0.36404,
-0.36332,
-0.36258,
-0.36183,
-0.36107,
-0.36031,
-0.35955,
-0.35878,
-0.35801,
-0.35725,
-0.35649,
-0.35574,
-0.35501,
-0.35428,
-0.35357,
-0.35287,
-0.35220,
-0.35154,
-0.35091,
-0.35031,
-0.34973,
-0.34918,
-0.34866,
-0.34817,
-0.34772,
-0.34731,
-0.34693,
-0.34659,
-0.34629,
-0.34604,
-0.34582,
-0.34566,
-0.34553,
-0.34545,
-0.34542,
-0.34544,
-0.34550,
-0.34562,
-0.34578,
-0.34599,
-0.34625,
-0.34656,
-0.34692,
-0.34733,
-0.34778,
-0.34828,
-0.34883,
-0.34943,
-0.35007,
-0.35076,
-0.35149,
-0.35226,
-0.35308,
-0.35393,
-0.35482,
-0.35575,
-0.35671,
-0.35770,
-0.35873,
-0.35978,
-0.36086,
-0.36196,
-0.36308,
-0.36422,
-0.36538,
-0.36656,
-0.36774,
-0.36894,
-0.37014,
-0.37134,
-0.37254,
-0.37374,
-0.37494,
-0.37612,
-0.37730,
-0.37846,
-0.37960,
-0.38072,
-0.38182,
-0.38290,
-0.38394,
-0.38495,
-0.38593,
-0.38687,
-0.38777,
-0.38863,
-0.38944,
-0.39021,
-0.39092,
-0.39158,
-0.39218,
-0.39273,
-0.39321,
-0.39364,
-0.39400,
-0.39429,
-0.39452,
-0.39468,
-0.39476,
-0.39478,
-0.39472,
-0.39458,
-0.39438,
-0.39409,
-0.39373,
-0.39329,
-0.39277,
-0.39218,
-0.39150,
-0.39075,
-0.38992,
-0.38902,
-0.38803,
-0.38697,
-0.38583,
-0.38462,
-0.38334,
-0.38198,
-0.38055,
-0.37905,
-0.37748,
-0.37585,
-0.37415,
-0.37240,
-0.37058,
-0.36870,
-0.36677,
-0.36478,
-0.36275,
-0.36066,
-0.35854,
-0.35637,
-0.35416,
-0.35192,
-0.34965,
-0.34734,
-0.34502,
-0.34267,
-0.34030,
-0.33791,
-0.33552,
-0.33311,
-0.33071,
-0.32830,
-0.32589,
-0.32350,
-0.32111,
-0.31874,
-0.31638,
-0.31405,
-0.31174,
-0.30946,
-0.30722,
-0.30501,
-0.30284,
-0.30071,
-0.29863,
-0.29660,
-0.29463,
-0.29271,
-0.29085,
-0.28905,
-0.28732,
-0.28566,
-0.28406,
-0.28255,
-0.28111,
-0.27974,
-0.27846,
-0.27727,
-0.27616,
-0.27513,
-0.27420,
-0.27336,
-0.27261,
-0.27195,
-0.27139,
-0.27093,
-0.27057,
-0.27030,
-0.27013,
-0.27006,
-0.27009,
-0.27022,
-0.27046,
-0.27079,
-0.27122,
-0.27175,
-0.27238,
-0.27311,
-0.27394,
-0.27486,
-0.27588,
-0.27700,
-0.27820,
-0.27950,
-0.28088,
-0.28235,
-0.28391,
-0.28555,
-0.28727,
-0.28907,
-0.29095,
-0.29290,
-0.29491,
-0.29700,
-0.29915,
-0.30136,
-0.30362,
-0.30595,
-0.30832,
-0.31074,
-0.31320,
-0.31570,
-0.31824,
-0.32081,
-0.32340,
-0.32602,
-0.32866,
-0.33131,
-0.33398,
-0.33665,
-0.33932,
-0.34200,
-0.34466,
-0.34731,
-0.34995,
-0.35257,
-0.35516,
-0.35773,
-0.36026,
-0.36275,
-0.36521,
-0.36761,
-0.36997,
-0.37227,
-0.37451,
-0.37668,
-0.37879,
-0.38083,
-0.38279,
-0.38468,
-0.38648,
-0.38819,
-0.38982,
-0.39135,
-0.39278,
-0.39411,
-0.39535,
-0.39647,
-0.39749,
-0.39839,
-0.39919,
-0.39986,
-0.40042,
-0.40086,
-0.40118,
-0.40137,
-0.40144,
-0.40139,
-0.40121,
-0.40090,
-0.40046,
-0.39990,
-0.39921,
-0.39839,
-0.39745,
-0.39638,
-0.39518,
-0.39386,
-0.39241,
-0.39085,
-0.38916,
-0.38735,
-0.38543,
-0.38340,
-0.38126,
-0.37900,
-0.37665,
-0.37419,
-0.37163,
-0.36898,
-0.36625,
-0.36342,
-0.36051,
-0.35753,
-0.35448,
-0.35136,
-0.34817,
-0.34494,
-0.34165,
-0.33831,
-0.33494,
-0.33153,
-0.32809,
-0.32463,
-0.32116,
-0.31768,
-0.31420,
-0.31072,
-0.30725,
-0.30380,
-0.30037,
-0.29697,
-0.29361,
-0.29029,
-0.28703,
-0.28382,
-0.28067,
-0.27759,
-0.27459,
-0.27168,
-0.26885,
-0.26611,
-0.26348,
-0.26096,
-0.25855,
-0.25625,
-0.25408,
-0.25204,
-0.25013,
-0.24836,
-0.24673,
-0.24525,
-0.24392,
-0.24275,
-0.24173,
-0.24088,
-0.24019,
-0.23967,
-0.23932,
-0.23914,
-0.23913,
-0.23929,
-0.23964,
-0.24015,
-0.24085,
-0.24172,
-0.24276,
-0.24398,
-0.24538,
-0.24694,
-0.24868,
-0.25059,
-0.25266,
-0.25489,
-0.25729,
-0.25984,
-0.26254,
-0.26539,
-0.26838,
-0.27151,
-0.27478,
-0.27817,
-0.28168,
-0.28531,
-0.28905,
-0.29289,
-0.29683,
-0.30085,
-0.30496,
-0.30914,
-0.31338,
-0.31768,
-0.32203,
-0.32643,
-0.33085,
-0.33531,
-0.33977,
-0.34425,
-0.34872,
-0.35319,
-0.35763,
-0.36205,
-0.36643,
-0.37077,
-0.37505,
-0.37928,
-0.38343,
-0.38751,
-0.39149,
-0.39539,
-0.39918,
-0.40286,
-0.40643,
-0.40987,
-0.41318,
-0.41635,
-0.41938,
-0.42226,
-0.42498,
-0.42754,
-0.42994,
-0.43216,
-0.43421,
-0.43608,
-0.43777,
-0.43927,
-0.44058,
-0.44170,
-0.44263,
-0.44336,
-0.44390,
-0.44423,
-0.44438,
-0.44432,
-0.44407,
-0.44362,
-0.44298,
-0.44215,
-0.44113,
-0.43992,
-0.43853,
-0.43695,
-0.43520,
-0.43328,
-0.43119,
-0.42894,
-0.42653,
-0.42396,
-0.42126,
-0.41841,
-0.41543,
-0.41232,
-0.40910,
-0.40576,
-0.40232,
-0.39879,
-0.39517,
-0.39146,
-0.38769,
-0.38385,
-0.37996,
-0.37603,
-0.37206,
-0.36805,
-0.36403,
-0.36000,
-0.35597,
-0.35194,
-0.34793,
-0.34395,
-0.33999,
-0.33608,
-0.33221,
-0.32840,
-0.32466,
-0.32099,
-0.31739,
-0.31389,
-0.31047,
-0.30716,
-0.30395,
-0.30085,
-0.29787,
-0.29502,
-0.29229,
-0.28969,
-0.28723,
-0.28491,
-0.28273,
-0.28069,
-0.27881,
-0.27708,
-0.27549,
-0.27407,
-0.27279,
-0.27168,
-0.27071,
-0.26990,
-0.26925,
-0.26875,
-0.26839,
-0.26819,
-0.26813,
-0.26822,
-0.26845,
-0.26881,
-0.26931,
-0.26993,
-0.27068,
-0.27155,
-0.27253,
-0.27362,
-0.27481,
-0.27610,
-0.27748,
-0.27894,
-0.28048,
-0.28208,
-0.28376,
-0.28548,
-0.28726,
-0.28908,
-0.29093,
-0.29280,
-0.29470,
-0.29661,
-0.29852,
-0.30042,
-0.30232,
-0.30419,
-0.30604,
-0.30786,
-0.30964,
-0.31136,
-0.31304,
-0.31466,
-0.31620,
-0.31768