0.01596,
0.02063,
0.02516,
0.02955,
0.03377,
0.03782,
0.04170,
0.04538,
0.04887,
0.05215,
0.05522,
0.05807,
0.06068,
0.06307,
0.06521,
0.06712,
0.06877,
0.07017,
0.07132,
0.07221,
0.07284,
0.07321,
0.07332,
0.07317,
0.07277,
0.07210,
0.07119,
0.07002,
0.06860,
0.06694,
0.06504,
0.06290,
0.06054,
0.05795,
0.05516,
0.05215,
0.04895,
0.04555,
0.04198,
0.03824,
0.03433,
0.03027,
0.02608,
0.02175,
0.01731,
0.01277,
0.00813,
0.00341,
-0.00138,
-0.00622,
-0.01111,
-0.01602,
-0.02096,
-0.02589,
-0.03081,
-0.03571,
-0.04058,
-0.04539,
-0.05014,
-0.05481,
-0.05940,
-0.06388,
-0.06825,
-0.07249,
-0.07659,
-0.08055,
-0.08434,
-0.08796,
-0.09140,
-0.09465,
-0.09769,
-0.10052,
-0.10313,
-0.10551,
-0.10766,
-0.10956,
-0.11121,
-0.11261,
-0.11374,
-0.11460,
-0.11520,
-0.11552,
-0.11556,
-0.11532,
-0.11480,
-0.11399,
-0.11290,
-0.11153,
-0.10987,
-0.10794,
-0.10572,
-0.10323,
-0.10047,
-0.09744,
-0.09414,
-0.09059,
-0.08679,
-0.08274,
-0.07845,
-0.07394,
-0.06920,
-0.06425,
-0.05910,
-0.05376,
-0.04824,
-0.04254,
-0.03669,
-0.03068,
-0.02455,
-0.01829,
-0.01192,
-0.00545,
0.00109,
0.00771,
0.01438,
0.02109,
0.02782,
0.03457,
0.04131,
0.04803,
0.05472,
0.06137,
0.06794,
0.07444,
0.08085,
0.08715,
0.09333,
0.09938,
0.10527,
0.11100,
0.11655,
0.12192,
0.12708,
0.13202,
0.13674,
0.14122,
0.14544,
0.14941,
0.15311,
0.15652,
0.15964,
0.16247,
0.16499,
0.16719,
0.16908,
0.17063,
0.17186,
0.17275,
0.17329,
0.17349,
0.17335,
0.17285,
0.17200,
0.17080,
0.16925,
0.16735,
0.16510,
0.16250,
0.15956,
0.15628,
0.15266,
0.14871,
0.14444,
0.13984,
0.13494,
0.12974,
0.12424,
0.11845,
0.11239,
0.10606,
0.09948,
0.09265,
0.08560,
0.07832,
0.07084,
0.06317,
0.05532,
0.04731,
0.03914,
0.03084,
0.02242,
0.01390,
0.00530,
-0.00338,
-0.01212,
-0.02089,
-0.02969,
-0.03849,
-0.04727,
-0.05603,
-0.06475,
-0.07340,
-0.08198,
-0.09045,
-0.09882,
-0.10706,
-0.11516,
-0.12309,
-0.13085,
-0.13842,
-0.14578,
-0.15292,
-0.15983,
-0.16649,
-0.17289,
-0.17901,
-0.18484,
-0.19038,
-0.19561,
-0.20051,
-0.20509,
-0.20932,
-0.21320,
-0.21673,
-0.21988,
-0.22267,
-0.22508,
-0.22710,
-0.22873,
-0.22997,
-0.23082,
-0.23126,
-0.23130,
-0.23094,
-0.23018,
-0.22901,
-0.22745,
-0.22548,
-0.22311,
-0.22036,
-0.21721,
-0.21368,
-0.20977,
-0.20548,
-0.20083,
-0.19582,
-0.19046,
-0.18477,
-0.17873,
-0.17238,
-0.16572,
-0.15875,
-0.15150,
-0.14398,
-0.13619,
-0.12816,
-0.11989,
-0.11140,
-0.10270,
-0.09382,
-0.08475,
-0.07553,
-0.06617,
-0.05668,
-0.04708,
-0.03738,
-0.02761,
-0.01778,
-0.00791,
0.00199,
0.01190,
0.02180,
0.03168,
0.04151,
0.05128,
0.06098,
0.07058,
0.08007,
0.08943,
0.09866,
0.10772,
0.11661,
0.12532,
0.13382,
0.14210,
0.15015,
0.15796,
0.16551,
0.17279,
0.17978,
0.18649,
0.19288,
0.19896,
0.20472,
0.21014,
0.21522,
0.21995,
0.22433,
0.22833,
0.23197,
0.23523,
0.23811,
0.24061,
0.24272,
0.24444,
0.24577,
0.24670,
0.24724,
0.24739,
0.24715,
0.24651,
0.24549,
0.24409,
0.24230,
0.24013,
0.23760,
0.23469,
0.23143,
0.22781,
0.22385,
0.21955,
0.21492,
0.20997,
0.20471,
0.19915,
0.19330,
0.18717,
0.18078,
0.17413,
0.16724,
0.16011,
0.15277,
0.14523,
0.13749,
0.12958,
0.12151,
0.11329,
0.10493,
0.09646,
0.08788,
0.07922,
0.07048,
0.06168,
0.05284,
0.04396,
0.03508,
0.02619,
0.01732,
0.00848,
-0.00031,
-0.00905,
-0.01771,
-0.02629,
-0.03476,
-0.04312,
-0.05135,
-0.05945,
-0.06738,
-0.07516,
-0.08275,
-0.09016,
-0.09737,
-0.10437,
-0.11115,
-0.11769,
-0.12400,
-0.13006,
-0.13587,
-0.14140,
-0.14667,
-0.15166,
-0.15637,
-0.16078,
-0.16490,
-0.16872,
-0.17224,
-0.17545,
-0.17835,
-0.18093,
-0.18320,
-0.18516,
-0.18679,
-0.18812,
-0.18912,
-0.18981,
-0.19018,
-0.19024,
-0.18999,
-0.18944,
-0.18858,
-0.18742,
-0.18596,
-0.18422,
-0.18219,
-0.17988,
-0.17729,
-0.17444,
-0.17133,
-0.16797,
-0.16436,
-0.16051,
-0.15644,
-0.15214,
-0.14764,
-0.14293,
-0.13803,
-0.13294,
-0.12769,
-0.12227,
-0.11669,
-0.11098,
-0.10513,
-0.09916,
-0.09309,
-0.08691,
-0.08064,
-0.07430,
-0.06788,
-0.06142,
-0.05490,
-0.04836,
-0.04179,
-0.03520,
-0.02862,
-0.02204,
-0.01548,
-0.00895,
-0.00246,
0.00398,
0.01036,
0.01667,
0.02291,
0.02905,
0.03510,
0.04105,
0.04688,
0.05259,
0.05818,
0.06362,
0.06892,
0.07407,
0.07906,
0.08389,
0.08855,
0.09303,
0.09733,
0.10144,
0.10536,
0.10909,
0.11262,
0.11594,
0.11906,
0.12197,
0.12466,
0.12714,
0.12941,
0.13145,
0.13328,
0.13489,
0.13627,
0.13744,
0.13838,
0.13910,
0.13961,
0.13989,
0.13995,
0.13980,
0.13944,
0.13886,
0.13807,
0.13708,
0.13588,
0.13448,
0.13288,
0.13109,
0.12911,
0.12694,
0.12459,
0.12206,
0.11936,
0.11650,
0.11347,
0.11028,
0.10694,
0.10346,
0.09984,
0.09608,
0.09219,
0.08817,
0.08404,
0.07980,
0.07546,
0.07102,
0.06648,
0.06186,
0.05716,
0.05239,
0.04755,
0.04266,
0.03771,
0.03271,
0.02767,
0.02260,
0.01751,
0.01239,
0.00727,
0.00213,
-0.00300,
-0.00813,
-0.01325,
-0.01835,
-0.02342,
-0.02847,
-0.03347,
-0.03844,
-0.04335,
-0.04821,
-0.05301,
-0.05774,
-0.06240,
-0.06698,
-0.07148,
-0.07589,
-0.08021,
-0.08443,
-0.08854,
-0.09255,
-0.09644,
-0.10022,
-0.10388,
-0.10741,
-0.11081,
-0.11407,
-0.11720,
-0.12018,
-0.12302,
-0.12571,
-0.12825,
-0.13063,
-0.13285,
-0.13491,
-0.13681,
-0.13854,
-0.14010,
-0.14149,
-0.14270,
-0.14374,
-0.14460,
-0.14528,
-0.14579,
-0.14611,
-0.14624,
-0.14620,
-0.14597,
-0.14555,
-0.14495,
-0.14417,
-0.14320,
-0.14204,
-0.14070,
-0.13917,
-0.13747,
-0.13558,
-0.13351,
-0.13125,
-0.12883,
-0.12622,
-0.12344,
-0.12049,
-0.11737,
-0.11408,
-0.11063,
-0.10702,
-0.10325,
-0.09932,
-0.09524,
-0.09102,
-0.08666,
-0.08215,
-0.07752,
-0.07275,
-0.06786,
-0.06285,
-0.05772,
-0.05249,
-0.04716,
-0.04172,
-0.03620,
-0.03059,
-0.02491,
-0.01915,
-0.01333,
-0.00745,
-0.00151,
0.00446,
0.01047,
0.01651,
0.02258,
0.02865,
0.03473,
0.04081,
0.04688,
0.05294,
0.05896,
0.06495,
0.07090,
0.07680,
0.08263,
0.08840,
0.09409,
0.09970,
0.10521,
0.11063,
0.11593,
0.12111,
0.12617,
0.13109,
0.13587,
0.14050,
0.14497,
0.14927,
0.15340,
0.15735,
0.16110,
0.16467,
0.16803,
0.17118,
0.17411,
0.17683,
0.17931,
0.18156,
0.18357,
0.18534,
0.18686,
0.18812,
0.18913,
0.18988,
0.19036,
0.19057,
0.19051,
0.19017,
0.18956,
0.18868,
0.18751,
0.18607,
0.18434,
0.18234,
0.18006,
0.17750,
0.17466,
0.17154,
0.16816,
0.16450,
0.16057,
0.15639,
0.15194,
0.14724,
0.14228,
0.13708,
0.13165,
0.12598,
0.12008,
0.11397,
0.10764,
0.10111,
0.09439,
0.08748,
0.08039,
0.07313,
0.06572,
0.05816,
0.05046,
0.04264,
0.03470,
0.02666,
0.01852,
0.01031,
0.00203,
-0.00630,
-0.01468,
-0.02309,
-0.03151,
-0.03993,
-0.04834,
-0.05673,
-0.06508,
-0.07338,
-0.08162,
-0.08977,
-0.09784,
-0.10580,
-0.11363,
-0.12134,
-0.12890,
-0.13630,
-0.14353,
-0.15057,
-0.15741,
-0.16404,
-0.17045,
-0.17663,
-0.18256,
-0.18823,
-0.19363,
-0.19876,
-0.20359,
-0.20812,
-0.21235,
-0.21626,
-0.21984,
-0.22309,
-0.22600,
-0.22855,
-0.23076,
-0.23260,
-0.23408,
-0.23518,
-0.23591,
-0.23627,
-0.23624,
-0.23583,
-0.23503,
-0.23385,
-0.23228,
-0.23033,
-0.22799,
-0.22527,
-0.22217,
-0.21869,
-0.21483,
-0.21061,
-0.20603,
-0.20108,
-0.19579,
-0.19014,
-0.18417,
-0.17786,
-0.17123,
-0.16429,
-0.15705,
-0.14953,
-0.14172,
-0.13365,
-0.12532,
-0.11675,
-0.10796,
-0.09895,
-0.08974,
-0.08034,
-0.07078,
-0.06106,
-0.05121,
-0.04123,
-0.03114,
-0.02097,
-0.01073,
-0.00043,
0.00991,
0.02026,
0.03062,
0.04096,
0.05126,
0.06152,
0.07170,
0.08180,
0.09179,
0.10166,
0.11139,
0.12096,
0.13035,
0.13955,
0.14854,
0.15731,
0.16584,
0.17410,
0.18210,
0.18981,
0.19721,
0.20430,
0.21106,
0.21748,
0.22355,
0.22924,
0.23456,
0.23949,
0.24402,
0.24815,
0.25185,
0.25514,
0.25799,
0.26040,
0.26237,
0.26389,
0.26496,
0.26557,
0.26573,
0.26542,
0.26466,
0.26343,
0.26174,
0.25960,
0.25699,
0.25394,
0.25043,
0.24649,
0.24210,
0.23728,
0.23204,
0.22638,
0.22032,
0.21385,
0.20700,
0.19978,
0.19218,
0.18424,
0.17596,
0.16735,
0.15844,
0.14922,
0.13973,
0.12998,
0.11997,
0.10974,
0.09930,
0.08866,
0.07785,
0.06688,
0.05577,
0.04455,
0.03322,
0.02182,
0.01036,
-0.00113,
-0.01265,
-0.02416,
-0.03564,
-0.04708,
-0.05846,
-0.06975,
-0.08094,
-0.09200,
-0.10291,
-0.11366,
-0.12423,
-0.13459,
-0.14472,
-0.15462,
-0.16425,
-0.17361,
-0.18267,
-0.19143,
-0.19985,
-0.20793,
-0.21565,
-0.22301,
-0.22997,
-0.23654,
-0.24269,
-0.24842,
-0.25372,
-0.25857,
-0.26297,
-0.26691,
-0.27038,
-0.27337,
-0.27589,
-0.27791,
-0.27944,
-0.28048,
-0.28103,
-0.28107,
-0.28062,
-0.27966,
-0.27821,
-0.27627,
-0.27383,
-0.27091,
-0.26750,
-0.26361,
-0.25926,
-0.25444,
-0.24917,
-0.24345,
-0.23729,
-0.23071,
-0.22372,
-0.21633,
-0.20855,
-0.20039,
-0.19188,
-0.18302,
-0.17384,
-0.16434,
-0.15455,
-0.14448,
-0.13416,
-0.12359,
-0.11280,
-0.10181,
-0.09064,
-0.07931,
-0.06783,
-0.05623,
-0.04454,
-0.03277,
-0.02094,
-0.00907,
0.00281,
0.01468,
0.02653,
0.03832,
0.05004,
0.06167,
0.07319,
0.08457,
0.09579,
0.10684,
0.11770,
0.12833,
0.13874,
0.14889,
0.15876,
0.16835,
0.17763,
0.18659,
0.19520,
0.20347,
0.21136,
0.21886,
0.22597,
0.23267,
0.23894,
0.24478,
0.25018,
0.25512,
0.25960,
0.26361,
0.26714,
0.27019,
0.27275,
0.27482,
0.27639,
0.27746,
0.27803,
0.27810,
0.27766,
0.27673,
0.27530,
0.27337,
0.27096,
0.26805,
0.26467,
0.26081,
0.25649,
0.25170,
0.24647,
0.24080,
0.23470,
0.22818,
0.22126,
0.21395,
0.20626,
0.19820,
0.18980,
0.18106,
0.17201,
0.16265,
0.15302,
0.14311,
0.13297,
0.12259,
0.11201,
0.10123,
0.09029,
0.07919,
0.06797,
0.05664,
0.04522,
0.03374,
0.02221,
0.01065,
-0.00091,
-0.01246,
-0.02396,
-0.03541,
-0.04678,
-0.05805,
-0.06920,
-0.08021,
-0.09106,
-0.10173,
-0.11220,
-0.12246,
-0.13248,
-0.14225,
-0.15175,
-0.16096,
-0.16987,
-0.17846,
-0.18672,
-0.19463,
-0.20218,
-0.20935,
-0.21614,
-0.22253,
-0.22851,
-0.23407,
-0.23920,
-0.24390,
-0.24815,
-0.25194,
-0.25529,
-0.25816,
-0.26058,
-0.26252,
-0.26399,
-0.26498,
-0.26550,
-0.26554,
-0.26511,
-0.26421,
-0.26283,
-0.26099,
-0.25869,
-0.25593,
-0.25271,
-0.24906,
-0.24496,
-0.24043,
-0.23549,
-0.23013,
-0.22438,
-0.21824,
-0.21171,
-0.20483,
-0.19759,
-0.19002,
-0.18212,
-0.17391,
-0.16541,
-0.15664,
-0.14760,
-0.13831,
-0.12880,
-0.11908,
-0.10917,
-0.09908,
-0.08884,
-0.07845,
-0.06795,
-0.05735,
-0.04667,
-0.03593,
-0.02514,
-0.01433,
-0.00351,
0.00729,
0.01805,
0.02877,
0.03941,
0.04997,
0.06042,
0.07074,
0.08092,
0.09094,
0.10078,
0.11043,
0.11986,
0.12907,
0.13804,
0.14675,
0.15519,
0.16335,
0.17121,
0.17875,
0.18598,
0.19287,
0.19941,
0.20560,
0.21142,
0.21687,
0.22194,
0.22661,
0.23090,
0.23477,
0.23824,
0.24130,
0.24394,
0.24617,
0.24797,
0.24935,
0.25030,
0.25083,
0.25094,
0.25062,
0.24989,
0.24874,
0.24717,
0.24520,
0.24282,
0.24004,
0.23687,
0.23331,
0.22937,
0.22507,
0.22040,
0.21538,
0.21002,
0.20433,
0.19832,
0.19200,
0.18538,
0.17847,
0.17130,
0.16386,
0.15618,
0.14827,
0.14014,
0.13181,
0.12329,
0.11460,
0.10575,
0.09676,
0.08764,
0.07841,
0.06908,
0.05968,
0.05021,
0.04070,
0.03115,
0.02159,
0.01203,
0.00249,
-0.00702,
-0.01649,
-0.02589,
-0.03522,
-0.04445,
-0.05357,
-0.06258,
-0.07144,
-0.08016,
-0.08872,
-0.09710,
-0.10529,
-0.11328,
-0.12105,
-0.12860,
-0.13592,
-0.14299,
-0.14981,
-0.15636,
-0.16263,
-0.16862,
-0.17432,
-0.17972,
-0.18482,
-0.18960,
-0.19406,
-0.19820,
-0.20201,
-0.20549,
-0.20863,
-0.21143,
-0.21389,
-0.21601,
-0.21778,
-0.21921,
-0.22028,
-0.22102,
-0.22140,
-0.22145,
-0.22115,
-0.22051,
-0.21954,
-0.21823,
-0.21659,
-0.21463,
-0.21235,
-0.20976,
-0.20686,
-0.20365,
-0.20016,
-0.19637,
-0.19230,
-0.18796,
-0.18336,
-0.17851,
-0.17340,
-0.16806,
-0.16249,
-0.15671,
-0.15072,
-0.14453,
-0.13815,
-0.13160,
-0.12488,
-0.11801,
-0.11100,
-0.10386,
-0.09660,
-0.08923,
-0.08177,
-0.07422,
-0.06659,
-0.05891,
-0.05118,
-0.04341,
-0.03562,
-0.02781,
-0.02000,
-0.01220,
-0.00441,
0.00333,
0.01104,
0.01870,
0.02628,
0.03380,
0.04123,
0.04856,
0.05579,
0.06290,
0.06989,
0.07675,
0.08346,
0.09002,
0.09642,
0.10265,
0.10871,
0.11458,
0.12027,
0.12576,
0.13104,
0.13612,
0.14098,
0.14562,
0.15003,
0.15421,
0.15816,
0.16187,
0.16534,
0.16856,
0.17153,
0.17425,
0.17672,
0.17893,
0.18089,
0.18259,
0.18403,
0.18521,
0.18613,
0.18679,
0.18719,
0.18734,
0.18723,
0.18687,
0.18625,
0.18538,
0.18426,
0.18290,
0.18130,
0.17946,
0.17738,
0.17507,
0.17254,
0.16978,
0.16681,
0.16362,
0.16023,
0.15663,
0.15284,
0.14885,
0.14469,
0.14034,
0.13582,
0.13114,
0.12629,
0.12130,
0.11616,
0.11088,
0.10548,
0.09994,
0.09430,
0.08855,
0.08269,
0.07674,
0.07071,
0.06460,
0.05843,
0.05219,
0.04590,
0.03956,
0.03319,
0.02679,
0.02037,
0.01393,
0.00750,
0.00106,
-0.00536,
-0.01177,
-0.01814,
-0.02449,
-0.03078,
-0.03703,
-0.04322,
-0.04935,
-0.05540,
-0.06136,
-0.06725,
-0.07303,
-0.07872,
-0.08429,
-0.08975,
-0.09509,
-0.10030,
-0.10537,
-0.11030,
-0.11508,
-0.11971,
-0.12419,
-0.12849,
-0.13263,
-0.13659,
-0.14037,
-0.14397,
-0.14738,
-0.15060,
-0.15362,
-0.15643,
-0.15904,
-0.16145,
-0.16364,
-0.16562,
-0.16738,
-0.16892,
-0.17024,
-0.17134,
-0.17221,
-0.17285,
-0.17327,
-0.17346,
-0.17342,
-0.17314,
-0.17264,
-0.17191,
-0.17095,
-0.16976,
-0.16834,
-0.16670,
-0.16483,
-0.16274,
-0.16042,
-0.15789,
-0.15515,
-0.15219,
-0.14902,
-0.14564,
-0.14206,
-0.13828,
-0.13431,
-0.13015,
-0.12581,
-0.12128,
-0.11658,
-0.11171,
-0.10668,
-0.10149,
-0.09615,
-0.09066,
-0.08504,
-0.07929,
-0.07341,
-0.06742,
-0.06132,
-0.05511,
-0.04882,
-0.04244,
-0.03598,
-0.02946,
-0.02288,
-0.01624,
-0.00957,
-0.00286,
0.00387,
0.01062,
0.01737,
0.02412,
0.03085,
0.03756,
0.04424,
0.05088,
0.05747,
0.06399,
0.07045,
0.07682,
0.08311,
0.08930,
0.09538,
0.10135,
0.10719,
0.11289,
0.11845,
0.12386,
0.12911,
0.13418,
0.13908,
0.14380,
0.14832,
0.15264,
0.15675,
0.16065,
0.16432,
0.16777,
0.17098,
0.17395,
0.17668,
0.17915,
0.18136,
0.18331,
0.18500,
0.18642,
0.18756,
0.18843,
0.18902,
0.18932,
0.18935,
0.18908,
0.18854,
0.18770,
0.18658,
0.18516,
0.18347,
0.18148,
0.17922,
0.17667,
0.17384,
0.17073,
0.16735,
0.16370,
0.15978,
0.15560,
0.15117,
0.14648,
0.14155,
0.13638,
0.13098,
0.12536,
0.11951,
0.11346,
0.10721,
0.10076,
0.09414,
0.08733,
0.08037,
0.07325,
0.06598,
0.05859,
0.05107,
0.04344,
0.03571,
0.02790,
0.02000,
0.01205,
0.00404,
-0.00400,
-0.01207,
-0.02016,
-0.02824,
-0.03631,
-0.04436,
-0.05237,
-0.06033,
-0.06822,
-0.07604,
-0.08376,
-0.09138,
-0.09889,
-0.10627,
-0.11350,
-0.12059,
-0.12750,
-0.13424,
-0.14079,
-0.14714,
-0.15328,
-0.15919,
-0.16487,
-0.17031,
-0.17549,
-0.18041,
-0.18505,
-0.18941,
-0.19349,
-0.19726,
-0.20073,
-0.20388,
-0.20672,
-0.20923,
-0.21141,
-0.21325,
-0.21475,
-0.21591,
-0.21672,
-0.21718,
-0.21729,
-0.21704,
-0.21644,
-0.21547,
-0.21416,
-0.21249,
-0.21046,
-0.20808,
-0.20535,
-0.20228,
-0.19886,
-0.19510,
-0.19101,
-0.18659,
-0.18185,
-0.17680,
-0.17143,
-0.16577,
-0.15981,
-0.15357,
-0.14705,
-0.14028,
-0.13324,
-0.12597,
-0.11846,
-0.11074,
-0.10280,
-0.09468,
-0.08637,
-0.07789,
-0.06925,
-0.06048,
-0.05158,
-0.04257,
-0.03345,
-0.02426,
-0.01500,
-0.00569,
0.00365,
0.01302,
0.02239,
0.03175,
0.04108,
0.05037,
0.05959,
0.06875,
0.07781,
0.08676,
0.09559,
0.10429,
0.11283,
0.12120,
0.12939,
0.13738,
0.14517,
0.15272,
0.16004,
0.16710,
0.17390,
0.18042,
0.18665,
0.19257,
0.19819,
0.20348,
0.20845,
0.21306,
0.21733,
0.22124,
0.22478,
0.22794,
0.23073,
0.23313,
0.23513,
0.23674,
0.23795,
0.23875,
0.23915,
0.23915,
0.23873,
0.23790,
0.23667,
0.23502,
0.23297,
0.23052,
0.22767,
0.22442,
0.22077,
0.21674,
0.21233,
0.20755,
0.20240,
0.19689,
0.19103,
0.18483,
0.17830,
0.17145,
0.16428,
0.15682,
0.14908,
0.14106,
0.13278,
0.12425,
0.11550,
0.10652,
0.09734,
0.08798,
0.07844,
0.06875,
0.05892,
0.04897,
0.03891,
0.02876,
0.01854,
0.00827,
-0.00204,
-0.01236,
-0.02269,
-0.03300,
-0.04327,
-0.05349,
-0.06364,
-0.07371,
-0.08366,
-0.09350,
-0.10319,
-0.11273,
-0.12209,
-0.13126,
-0.14023,
-0.14897,
-0.15748,
-0.16573,
-0.17371,
-0.18142,
-0.18882,
-0.19592,
-0.20270,
-0.20915,
-0.21525,
-0.22099,
-0.22636,
-0.23136,
-0.23598,
-0.24020,
-0.24402,
-0.24742,
-0.25042,
-0.25299,
-0.25513,
-0.25685,
-0.25813,
-0.25897,
-0.25937,
-0.25934,
-0.25886,
-0.25794,
-0.25659,
-0.25479,
-0.25256,
-0.24990,
-0.24681,
-0.24330,
-0.23937,
-0.23503,
-0.23028,
-0.22514,
-0.21961,
-0.21370,
-0.20742,
-0.20079,
-0.19380,
-0.18648,
-0.17884,
-0.17088,
-0.16263,
-0.15409,
-0.14529,
-0.13623,
-0.12692,
-0.11740,
-0.10767,
-0.09775,
-0.08765,
-0.07740,
-0.06700,
-0.05649,
-0.04587,
-0.03516,
-0.02439,
-0.01357,
-0.00271,
0.00815,
0.01901,
0.02984,
0.04064,
0.05136,
0.06201,
0.07257,
0.08300,
0.09330,
0.10345,
0.11343,
0.12322,
0.13281,
0.14219,
0.15132,
0.16021,
0.16883,
0.17717,
0.18521,
0.19294,
0.20035,
0.20743,
0.21416,
0.22053,
0.22654,
0.23216,
0.23739,
0.24223,
0.24666,
0.25068,
0.25427,
0.25744,
0.26018,
0.26248,
0.26434,
0.26575,
0.26672,
0.26724,
0.26732,
0.26694,
0.26612,
0.26485,
0.26314,
0.26098,
0.25839,
0.25536,
0.25191,
0.24804,
0.24375,
0.23905,
0.23396,
0.22847,
0.22260,
0.21636,
0.20976,
0.20281,
0.19553,
0.18792,
0.17999,
0.17177,
0.16326,
0.15449,
0.14546,
0.13619,
0.12670,
0.11699,
0.10710,
0.09704,
0.08681,
0.07645,
0.06596,
0.05537,
0.04470,
0.03395,
0.02316,
0.01233,
0.00149,
-0.00934,
-0.02015,
-0.03093,
-0.04164,
-0.05227,
-0.06281,
-0.07324,
-0.08353,
-0.09368,
-0.10366,
-0.11347,
-0.12307,
-0.13246,
-0.14162,
-0.15054,
-0.15919,
-0.16757,
-0.17567,
-0.18346,
-0.19094,
-0.19809,
-0.20490,
-0.21136,
-0.21747,
-0.22320,
-0.22855,
-0.23351,
-0.23808,
-0.24224,
-0.24599,
-0.24932,
-0.25224,
-0.25472,
-0.25677,
-0.25839,
-0.25958,
-0.26032,
-0.26063,
-0.26049,
-0.25992,
-0.25891,
-0.25746,
-0.25558,
-0.25327,
-0.25053,
-0.24738,
-0.24380,
-0.23982,
-0.23543,
-0.23065,
-0.22548,
-0.21994,
-0.21402,
-0.20775,
-0.20112,
-0.19416,
-0.18688,
-0.17928,
-0.17138,
-0.16319,
-0.15473,
-0.14600,
-0.13704,
-0.12784,
-0.11843,
-0.10881,
-0.09902,
-0.08905,
-0.07894,
-0.06869,
-0.05832,
-0.04785,
-0.03730,
-0.02668,
-0.01601,
-0.00532,
0.00540,
0.01610,
0.02679,
0.03744,
0.04803,
0.05855,
0.06898,
0.07930,
0.08949,
0.09955,
0.10945,
0.11918,
0.12871,
0.13805,
0.14716,
0.15604,
0.16468,
0.17305,
0.18115,
0.18895,
0.19646,
0.20366,
0.21053,
0.21706,
0.22325,
0.22908,
0.23455,
0.23965,
0.24436,
0.24869,
0.25262,
0.25615,
0.25927,
0.26198,
0.26427,
0.26614,
0.26759,
0.26862,
0.26922,
0.26939,
0.26913,
0.26845,
0.26734,
0.26581,
0.26386,
0.26148,
0.25870,
0.25551,
0.25191,
0.24791,
0.24352,
0.23875,
0.23360,
0.22808,
0.22220,
0.21597,
0.20940,
0.20250,
0.19528,
0.18775,
0.17993,
0.17182,
0.16344,
0.15481,
0.14593,
0.13682,
0.12750,
0.11798,
0.10827,
0.09840,
0.08837,
0.07819,
0.06790,
0.05750,
0.04701,
0.03645,
0.02583,
0.01517,
0.00448,
-0.00621,
-0.01689,
-0.02755,
-0.03816,
-0.04871,
-0.05919,
-0.06957,
-0.07985,
-0.09000,
-0.10002,
-0.10987,
-0.11956,
-0.12906,
-0.13836,
-0.14744,
-0.15630,
-0.16491,
-0.17327,
-0.18135,
-0.18916,
-0.19667,
-0.20388,
-0.21077,
-0.21733,
-0.22356,
-0.22944,
-0.23497,
-0.24013,
-0.24492,
-0.24933,
-0.25336,
-0.25699,
-0.26023,
-0.26306,
-0.26549,
-0.26751,
-0.26911,
-0.27030,
-0.27107,
-0.27143,
-0.27136,
-0.27088,
-0.26998,
-0.26867,
-0.26694,
-0.26480,
-0.26225,
-0.25930,
-0.25595,
-0.25221,
-0.24809,
-0.24358,
-0.23869,
-0.23345,
-0.22784,
-0.22189,
-0.21559,
-0.20897,
-0.20203,
-0.19478,
-0.18723,
-0.17940,
-0.17130,
-0.16294,
-0.15433,
-0.14548,
-0.13642,
-0.12716,
-0.11770,
-0.10806,
-0.09827,
-0.08833,
-0.07826,
-0.06808,
-0.05780,
-0.04743,
-0.03700,
-0.02652,
-0.01601,
-0.00548,
0.00504,
0.01555,
0.02603,
0.03646,
0.04682,
0.05710,
0.06728,
0.07735,
0.08729,
0.09708,
0.10671,
0.11616,
0.12542,
0.13448,
0.14331,
0.15191,
0.16026,
0.16835,
0.17617,
0.18369,
0.19092,
0.19784,
0.20444,
0.21071,
0.21663,
0.22220,
0.22742,
0.23226,
0.23672,
0.24080,
0.24449,
0.24779,
0.25068,
0.25316,
0.25523,
0.25689,
0.25813,
0.25894,
0.25934,
0.25931,
0.25886,
0.25798,
0.25669,
0.25497,
0.25283,
0.25028,
0.24732,
0.24395,
0.24018,
0.23601,
0.23145,
0.22651,
0.22119,
0.21550,
0.20945,
0.20306,
0.19632,
0.18925,
0.18186,
0.17416,
0.16617,
0.15789,
0.14935,
0.14054,
0.13149,
0.12221,
0.11271,
0.10301,
0.09313,
0.08308,
0.07287,
0.06252,
0.05205,
0.04147,
0.03081,
0.02007,
0.00928,
-0.00156,
-0.01241,
-0.02327,
-0.03411,
-0.04492,
-0.05569,
-0.06639,
-0.07701,
-0.08753,
-0.09793,
-0.10820,
-0.11832,
-0.12828,
-0.13805,
-0.14763,
-0.15699,
-0.16612,
-0.17502,
-0.18365,
-0.19201,
-0.20009,
-0.20786,
-0.21533,
-0.22247,
-0.22927,
-0.23573,
-0.24182,
-0.24755,
-0.25290,
-0.25786,
-0.26243,
-0.26659,
-0.27034,
-0.27367,
-0.27658,
-0.27906,
-0.28110,
-0.28271,
-0.28387,
-0.28459,
-0.28486,
-0.28468,
-0.28406,
-0.28299,
-0.28147,
-0.27951,
-0.27710,
-0.27425,
-0.27097,
-0.26726,
-0.26311,
-0.25855,
-0.25358,
-0.24819,
-0.24241,
-0.23623,
-0.22968,
-0.22275,
-0.21546,
-0.20782,
-0.19984,
-0.19153,
-0.18290,
-0.17398,
-0.16476,
-0.15528,
-0.14553,
-0.13554,
-0.12531,
-0.11488,
-0.10424,
-0.09343,
-0.08245,
-0.07132,
-0.06007,
-0.04870,
-0.03724,
-0.02569,
-0.01409,
-0.00245,
0.00921,
0.02088,
0.03254,
0.04416,
0.05573,
0.06724,
0.07866,
0.08997,
0.10116,
0.11221,
0.12311,
0.13383,
0.14435,
0.15467,
0.16477,
0.17463,
0.18423,
0.19356,
0.20260,
0.21134,
0.21977,
0.22788,
0.23564,
0.24305,
0.25010,
0.25677,
0.26305,
0.26894,
0.27443,
0.27950,
0.28415,
0.28837,
0.29216,
0.29551,
0.29841,
0.30085,
0.30285,
0.30438,
0.30546,
0.30608,
0.30623,
0.30592,
0.30515,
0.30391,
0.30223,
0.30008,
0.29748,
0.29444,
0.29096,
0.28703,
0.28268,
0.27791,
0.27272,
0.26713,
0.26114,
0.25476,
0.24801,
0.24089,
0.23342,
0.22561,
0.21746,
0.20901,
0.20025,
0.19120,
0.18189,
0.17231,
0.16250,
0.15245,
0.14220,
0.13176,
0.12114,
0.11036,
0.09945,
0.08841,
0.07726,
0.06603,
0.05473,
0.04337,
0.03199,
0.02059,
0.00919,
-0.00218,
-0.01351,
-0.02478,
-0.03598,
-0.04708,
-0.05807,
-0.06892,
-0.07963,
-0.09018,
-0.10055,
-0.11071,
-0.12067,
-0.13039,
-0.13987,
-0.14909,
-0.15804,
-0.16670,
-0.17506,
-0.18311,
-0.19083,
-0.19821,
-0.20524,
-0.21192,
-0.21822,
-0.22415,
-0.22969,
-0.23483,
-0.23957,
-0.24390,
-0.24782,
-0.25131,
-0.25438,
-0.25702,
-0.25923,
-0.26101,
-0.26235,
-0.26325,
-0.26371,
-0.26374,
-0.26333,
-0.26249,
-0.26122,
-0.25952,
-0.25740,
-0.25487,
-0.25192,
-0.24856,
-0.24481,
-0.24066,
-0.23613,
-0.23122,
-0.22595,
-0.22033,
-0.21436,
-0.20806,
-0.20144,
-0.19450,
-0.18727,
-0.17976,
-0.17198,
-0.16394,
-0.15566,
-0.14716,
-0.13844,
-0.12953,
-0.12044,
-0.11118,
-0.10178,
-0.09224,
-0.08259,
-0.07285,
-0.06302,
-0.05313,
-0.04319,
-0.03322,
-0.02324,
-0.01326,
-0.00330,
0.00661,
0.01648,
0.02627,
0.03597,
0.04557,
0.05505,
0.06439,
0.07358,
0.08260,
0.09144,
0.10009,
0.10852,
0.11673,
0.12471,
0.13243,
0.13989,
0.14708,
0.15398,
0.16059,
0.16689,
0.17287,
0.17853,
0.18385,
0.18884,
0.19347,
0.19775,
0.20166,
0.20521,
0.20839,
0.21119,
0.21361,
0.21565,
0.21731,
0.21858,
0.21947,
0.21997,
0.22008,
0.21981,
0.21916,
0.21812,
0.21671,
0.21493,
0.21278,
0.21027,
0.20741,
0.20419,
0.20062,
0.19673,
0.19250,
0.18796,
0.18310,
0.17795,
0.17250,
0.16678,
0.16079,
0.15454,
0.14804,
0.14131,
0.13437,
0.12721,
0.11987,
0.11234,
0.10465,
0.09680,
0.08882,
0.08071,
0.07249,
0.06418,
0.05580,
0.04734,
0.03884,
0.03031,
0.02176,
0.01320,
0.00465,
-0.00387,
-0.01235,
-0.02077,
-0.02912,
-0.03739,
-0.04556,
-0.05362,
-0.06155,
-0.06934,
-0.07698,
-0.08446,
-0.09175,
-0.09886,
-0.10576,
-0.11246,
-0.11892,
-0.12516,
-0.13115,
-0.13688,
-0.14236,
-0.14756,
-0.15248,
-0.15712,
-0.16146,
-0.16551,
-0.16924,
-0.17267,
-0.17578,
-0.17857,
-0.18104,
-0.18318,
-0.18499,
-0.18647,
-0.18761,
-0.18843,
-0.18891,
-0.18906,
-0.18888,
-0.18837,
-0.18753,
-0.18636,
-0.18488,
-0.18307,
-0.18096,
-0.17854,
-0.17581,
-0.17279,
-0.16948,
-0.16588,
-0.16201,
-0.15787,
-0.15347,
-0.14883,
-0.14394,
-0.13882,
-0.13347,
-0.12792,
-0.12216,
-0.11622,
-0.11009,
-0.10380,
-0.09735,
-0.09076,
-0.08404,
-0.07720,
-0.07025,
-0.06320,
-0.05608,
-0.04889,
-0.04164,
-0.03434,
-0.02702,
-0.01968,
-0.01234,
-0.00501,
0.00231,
0.00958,
0.01681,
0.02398,
0.03108,
0.03810,
0.04501,
0.05182,
0.05851,
0.06507,
0.07149,
0.07775,
0.08386,
0.08978,
0.09553,
0.10108,
0.10643,
0.11157,
0.11649,
0.12119,
0.12565,
0.12987,
0.13384,
0.13755,
0.14101,
0.14420,
0.14713,
0.14978,
0.15215,
0.15424,
0.15604,
0.15756,
0.15880,
0.15974,
0.16039,
0.16075,
0.16082,
0.16060,
0.16009,
0.15930,
0.15822,
0.15685,
0.15521,
0.15329,
0.15110,
0.14864,
0.14592,
0.14294,
0.13971,
0.13623,
0.13251,
0.12856,
0.12439,
0.12000,
0.11539,
0.11059,
0.10559,
0.10041,
0.09505,
0.08953,
0.08385,
0.07802,
0.07206,
0.06597,
0.05977,
0.05346,
0.04706,
0.04057,
0.03401,
0.02739,
0.02072,
0.01401,
0.00728,
0.00053,
-0.00623,
-0.01298,
-0.01972,
-0.02642,
-0.03309,
-0.03971,
-0.04626,
-0.05274,
-0.05915,
-0.06545,
-0.07166,
-0.07775,
-0.08372,
-0.08955,
-0.09525,
-0.10079,
-0.10617,
-0.11139,
-0.11642,
-0.12128,
-0.12594,
-0.13040,
-0.13465,
-0.13869,
-0.14251,
-0.14610,
-0.14947,
-0.15259,
-0.15548,
-0.15811,
-0.16050,
-0.16264,
-0.16451,
-0.16613,
-0.16749,
-0.16858,
-0.16941,
-0.16997,
-0.17026,
-0.17028,
-0.17004,
-0.16953,
-0.16875,
-0.16770,
-0.16640,
-0.16483,
-0.16300,
-0.16092,
-0.15859,
-0.15600,
-0.15318,
-0.15011,
-0.14680,
-0.14327,
-0.13951,
-0.13554,
-0.13135,
-0.12695,
-0.12235,
-0.11756,
-0.11259,
-0.10744,
-0.10212,
-0.09664,
-0.09100,
-0.08522,
-0.07931,
-0.07327,
-0.06711,
-0.06084,
-0.05447,
-0.04801,
-0.04148,
-0.03487,
-0.02821,
-0.02149,
-0.01474,
-0.00795,
-0.00115,
0.00567,
0.01248,
0.01928,
0.02606,
0.03281,
0.03952,
0.04617,
0.05277,
0.05930,
0.06574,
0.07210,
0.07835,
0.08450,
0.09053,
0.09643,
0.10220,
0.10782,
0.11329,
0.11860,
0.12375,
0.12871,
0.13350,
0.13810,
0.14249,
0.14669,
0.15068,
0.15445,
0.15800,
0.16133,
0.16443,
0.16729,
0.16991,
0.17229,
0.17442,
0.17631,
0.17794,
0.17932,
0.18044,
0.18130,
0.18190,
0.18225,
0.18233,
0.18215,
0.18171,
0.18102,
0.18006,
0.17884,
0.17737,
0.17565,
0.17368,
0.17145,
0.16899,
0.16628,
0.16333,
0.16016,
0.15675,
0.15312,
0.14928,
0.14522,
0.14096,
0.13649,
0.13184,
0.12700,
0.12197,
0.11678,
0.11142,
0.10591,
0.10025,
0.09445,
0.08852,
0.08247,
0.07630,
0.07003,
0.06366,
0.05721,
0.05069,
0.04409,
0.03745,
0.03075,
0.02402,
0.01726,
0.01049,
0.00371,
-0.00307,
-0.00983,
-0.01656,
-0.02327,
-0.02992,
-0.03653,
-0.04306,
-0.04953,
-0.05591,
-0.06219,
-0.06838,
-0.07445,
-0.08039,
-0.08621,
-0.09189,
-0.09742,
-0.10279,
-0.10799,
-0.11303,
-0.11788,
-0.12254,
-0.12701,
-0.13128,
-0.13533,
-0.13918,
-0.14280,
-0.14619,
-0.14935,
-0.15227,
-0.15496,
-0.15739,
-0.15958,
-0.16151,
-0.16318,
-0.16460,
-0.16575,
-0.16664,
-0.16727,
-0.16763,
-0.16772,
-0.16754,
-0.16710,
-0.16639,
-0.16541,
-0.16417,
-0.16267,
-0.16091,
-0.15889,
-0.15661,
-0.15408,
-0.15131,
-0.14829,
-0.14503,
-0.14154,
-0.13782,
-0.13388,
-0.12972,
-0.12535,
-0.12078,
-0.11601,
-0.11106,
-0.10592,
-0.10061,
-0.09514,
-0.08950,
-0.08373,
-0.07781,
-0.07177,
-0.06561,
-0.05934,
-0.05297,
-0.04651,
-0.03997,
-0.03337,
-0.02671,
-0.02001,
-0.01327,
-0.00650,
0.00027,
0.00705,
0.01382,
0.02057,
0.02728,
0.03396,
0.04058,
0.04713,
0.05361,
0.06000,
0.06629,
0.07248,
0.07855,
0.08448,
0.09028,
0.09593,
0.10142,
0.10674,
0.11189,
0.11685,
0.12161,
0.12617,
0.13052,
0.13465,
0.13856,
0.14223,
0.14566,
0.14884,
0.15177,
0.15444,
0.15686,
0.15900,
0.16087,
0.16247,
0.16379,
0.16482,
0.16558,
0.16604,
0.16623,
0.16612,
0.16572,
0.16504,
0.16406,
0.16280,
0.16126,
0.15943,
0.15732,
0.15493,
0.15227,
0.14933,
0.14613,
0.14267,
0.13895,
0.13498,
0.13076,
0.12631,
0.12163,
0.11672,
0.11160,
0.10627,
0.10074,
0.09502,
0.08912,
0.08305,
0.07682,
0.07043,
0.06391,
0.05726,
0.05049,
0.04361,
0.03664,
0.02959,
0.02246,
0.01527,
0.00804,
0.00077,
-0.00652,
-0.01382,
-0.02112,
-0.02841,
-0.03566,
-0.04288,
-0.05004,
-0.05714,
-0.06416,
-0.07109,
-0.07792,
-0.08463,
-0.09122,
-0.09767,
-0.10397,
-0.11011,
-0.11608,
-0.12187,
-0.12746,
-0.13285,
-0.13803,
-0.14299,
-0.14771,
-0.15219,
-0.15643,
-0.16040,
-0.16412,
-0.16756,
-0.17072,
-0.17361,
-0.17620,
-0.17849,
-0.18049,
-0.18218,
-0.18356,
-0.18464,
-0.18539,
-0.18584,
-0.18597,
-0.18577,
-0.18526,
-0.18444,
-0.18329,
-0.18183,
-0.18005,
-0.17796,
-0.17556,
-0.17285,
-0.16984,
-0.16653,
-0.16293,
-0.15904,
-0.15487,
-0.15043,
-0.14572,
-0.14074,
-0.13552,
-0.13005,
-0.12435,
-0.11842,
-0.11227,
-0.10592,
-0.09937,
-0.09264,
-0.08574,
-0.07867,
-0.07146,
-0.06411,
-0.05663,
-0.04904,
-0.04135,
-0.03357,
-0.02572,
-0.01781,
-0.00985,
-0.00186,
0.00615,
0.01417,
0.02217,
0.03016,
0.03811,
0.04600,
0.05384,
0.06160,
0.06927,
0.07683,
0.08428,
0.09160,
0.09877,
0.10579,
0.11264,
0.11932,
0.12580,
0.13207,
0.13814,
0.14398,
0.14958,
0.15494,
0.16004,
0.16488,
0.16945,
0.17374,
0.17774,
0.18144,
0.18484,
0.18794,
0.19072,
0.19318,
0.19531,
0.19712,
0.19860,
0.19974,
0.20055,
0.20101,
0.20114,
0.20093,
0.20038,
0.19949,
0.19826,
0.19670,
0.19480,
0.19258,
0.19002,
0.18714,
0.18395,
0.18044,
0.17662,
0.17250,
0.16809,
0.16339,
0.15841,
0.15317,
0.14766,
0.14189,
0.13589,
0.12965,
0.12319,
0.11652,
0.10965,
0.10260,
0.09536,
0.08796,
0.08041,
0.07273,
0.06491,
0.05699,
0.04896,
0.04085,
0.03267,
0.02443,
0.01615,
0.00784,
-0.00049,
-0.00882,
-0.01713,
-0.02542,
-0.03367,
-0.04187,
-0.04999,
-0.05804,
-0.06598,
-0.07382,
-0.08154,
-0.08912,
-0.09656,
-0.10383,
-0.11093,
-0.11785,
-0.12458,
-0.13109,
-0.13739,
-0.14346,
-0.14930,
-0.15488,
-0.16022,
-0.16528,
-0.17008,
-0.17459,
-0.17882,
-0.18275,
-0.18638,
-0.18970,
-0.19272,
-0.19542,
-0.19780,
-0.19985,
-0.20158,
-0.20299,
-0.20406,
-0.20480,
-0.20522,
-0.20530,
-0.20504,
-0.20447,
-0.20356,
-0.20232,
-0.20077,
-0.19890,
-0.19671,
-0.19421,
-0.19140,
-0.18829,
-0.18489,
-0.18121,
-0.17724,
-0.17300,
-0.16849,
-0.16373,
-0.15872,
-0.15347,
-0.14799,
-0.14229,
-0.13638,
-0.13028,
-0.12398,
-0.11751,
-0.11088,
-0.10409,
-0.09716,
-0.09010,
-0.08293,
-0.07565,
-0.06828,
-0.06083,
-0.05332,
-0.04575,
-0.03814,
-0.03051,
-0.02286,
-0.01521,
-0.00757,
0.00005,
0.00762,
0.01515,
0.02262,
0.03001,
0.03731,
0.04452,
0.05161,
0.05858,
0.06542,
0.07212,
0.07866,
0.08504,
0.09124,
0.09725,
0.10307,
0.10869,
0.11410,
0.11928,
0.12424,
0.12897,
0.13345,
0.13768,
0.14166,
0.14538,
0.14884,
0.15203,
0.15494,
0.15757,
0.15993,
0.16200,
0.16379,
0.16530,
0.16651,
0.16744,
0.16808,
0.16843,
0.16849,
0.16827,
0.16777,
0.16698,
0.16592,
0.16458,
0.16296,
0.16109,
0.15894,
0.15654,
0.15389,
0.15099,
0.14785,
0.14448,
0.14088,
0.13706,
0.13302,
0.12879,
0.12435,
0.11973,
0.11493,
0.10996,
0.10483,
0.09955,
0.09413,
0.08858,
0.08290,
0.07711,
0.07123,
0.06525,
0.05919,
0.05306,
0.04687,
0.04063,
0.03436,
0.02806,
0.02174,
0.01542,
0.00910,
0.00279,
-0.00349,
-0.00973,
-0.01593,
-0.02207,
-0.02815,
-0.03415,
-0.04007,
-0.04589,
-0.05161,
-0.05722,
-0.06271,
-0.06807,
-0.07329,
-0.07837,
-0.08329,
-0.08806,
-0.09266,
-0.09709,
-0.10134,
-0.10541,
-0.10928,
-0.11296,
-0.11644,
-0.11971,
-0.12278,
-0.12563,
-0.12827,
-0.13068,
-0.13288,
-0.13485,
-0.13659,
-0.13811,
-0.13940,
-0.14045,
-0.14128,
-0.14188,
-0.14224,
-0.14238,
-0.14229,
-0.14197,
-0.14142,
-0.14065,
-0.13966,
-0.13845,
-0.13703,
-0.13539,
-0.13355,
-0.13150,
-0.12924,
-0.12680,
-0.12416,
-0.12133,
-0.11832,
-0.11514,
-0.11178,
-0.10826,
-0.10458,
-0.10075,
-0.09677,
-0.09265,
-0.08840,
-0.08402,
-0.07953,
-0.07492,
-0.07020,
-0.06539,
-0.06049,
-0.05551,
-0.05045,
-0.04532,
-0.04013,
-0.03489,
-0.02961,
-0.02428,
-0.01893,
-0.01355,
-0.00816,
-0.00277,
0.00263,
0.00802,
0.01340,
0.01875,
0.02407,
0.02936,
0.03461,
0.03980,
0.04494,
0.05001,
0.05502,
0.05995,
0.06480,
0.06956,
0.07422,
0.07879,
0.08325,
0.08760,
0.09184,
0.09595,
0.09995,
0.10381,
0.10754,
0.11113,
0.11458,
0.11788,
0.12103,
0.12404,
0.12688,
0.12957,
0.13210,
0.13447,
0.13667,
0.13870,
0.14056,
0.14226,
0.14378,
0.14512,
0.14630,
0.14729,
0.14812,
0.14876,
0.14923,
0.14953,
0.14965,
0.14959,
0.14936,
0.14895,
0.14838,
0.14763,
0.14671,
0.14562,
0.14437,
0.14295,
0.14137,
0.13963,
0.13773,
0.13568,
0.13347,
0.13111,
0.12861,
0.12596,
0.12318,
0.12025,
0.11720,
0.11401,
0.11070,
0.10727,
0.10372,
0.10006,
0.09628,
0.09241,
0.08843,
0.08436,
0.08019,
0.07594,
0.07161,
0.06720,
0.06272,
0.05818,
0.05357,
0.04891,
0.04419,
0.03943,
0.03463,
0.02980,
0.02493,
0.02004,
0.01514,
0.01021,
0.00529,
0.00035,
-0.00457,
-0.00949,
-0.01440,
-0.01928,
-0.02414,
-0.02897,
-0.03376,
-0.03851,
-0.04321,
-0.04786,
-0.05245,
-0.05698,
-0.06144,
-0.06583,
-0.07013,
-0.07436,
-0.07849,
-0.08253,
-0.08647,
-0.09031,
-0.09404,
-0.09766,
-0.10116,
-0.10454,
-0.10779,
-0.11091,
-0.11390,
-0.11675,
-0.11946,
-0.12203,
-0.12445,
-0.12671,
-0.12882,
-0.13078,
-0.13257,
-0.13420,
-0.13567,
-0.13696,
-0.13809,
-0.13905,
-0.13983,
-0.14044,
-0.14088,
-0.14113,
-0.14121,
-0.14111,
-0.14084,
-0.14038,
-0.13975,
-0.13894,
-0.13795,
-0.13679,
-0.13545,
-0.13393,
-0.13225,
-0.13039,
-0.12836,
-0.12617,
-0.12381,
-0.12129,
-0.11861,
-0.11578,
-0.11279,
-0.10966,
-0.10639,
-0.10297,
-0.09942,
-0.09573,
-0.09192,
-0.08799,
-0.08395,
-0.07979,
-0.07553,
-0.07116,
-0.06671,
-0.06217,
-0.05755,
-0.05285,
-0.04809,
-0.04326,
-0.03839,
-0.03346,
-0.02850,
-0.02350,
-0.01848,
-0.01345,
-0.00840,
-0.00335,
0.00169,
0.00672,
0.01172,
0.01670,
0.02164,
0.02654,
0.03138,
0.03616,
0.04088,
0.04551,
0.05007,
0.05454,
0.05890,
0.06316,
0.06731,
0.07134,
0.07525,
0.07902,
0.08265,
0.08613,
0.08947,
0.09264,
0.09565,
0.09850,
0.10117,
0.10366,
0.10596,
0.10808,
0.11001,
0.11174,
0.11327,
0.11460,
0.11572,
0.11663,
0.11734,
0.11783,
0.11812,
0.11818,
0.11804,
0.11767,
0.11710,
0.11631,
0.11530,
0.11408,
0.11266,
0.11102,
0.10918,
0.10713,
0.10488,
0.10244,
0.09980,
0.09698,
0.09397,
0.09078,
0.08742,
0.08389,
0.08020,
0.07635,
0.07236,
0.06822,
0.06395,
0.05955,
0.05504,
0.05041,
0.04568,
0.04086,
0.03595,
0.03097,
0.02592,
0.02081,
0.01566,
0.01047,
0.00525,
0.00001,
-0.00523,
-0.01047,
-0.01570,
-0.02090,
-0.02608,
-0.03120,
-0.03627,
-0.04128,
-0.04622,
-0.05107,
-0.05582,
-0.06047,
-0.06501,
-0.06943,
-0.07371,
-0.07785,
-0.08184,
-0.08566,
-0.08933,
-0.09281,
-0.09611,
-0.09922,
-0.10214,
-0.10484,
-0.10734,
-0.10962,
-0.11167,
-0.11350,
-0.11509,
-0.11644,
-0.11755,
-0.11841,
-0.11903,
-0.11939,
-0.11951,
-0.11936,
-0.11896,
-0.11830,
-0.11739,
-0.11621,
-0.11479,
-0.11310,
-0.11117,
-0.10898,
-0.10655,
-0.10387,
-0.10095,
-0.09780,
-0.09442,
-0.09081,
-0.08698,
-0.08294,
-0.07869,
-0.07425,
-0.06961,
-0.06479,
-0.05980,
-0.05464,
-0.04933,
-0.04387,
-0.03827,
-0.03255,
-0.02672,
-0.02078,
-0.01474,
-0.00863,
-0.00245,
0.00379,
0.01007,
0.01638,
0.02272,
0.02906,
0.03539,
0.04171,
0.04799,
0.05423,
0.06042,
0.06653,
0.07256,
0.07849,
0.08432,
0.09002,
0.09560,
0.10102,
0.10629,
0.11139,
0.11632,
0.12105,
0.12557,
0.12989,
0.13398,
0.13784,
0.14146,
0.14483,
0.14794,
0.15079,
0.15335,
0.15564,
0.15764,
0.15935,
0.16076,
0.16186,
0.16265,
0.16314,
0.16330,
0.16315,
0.16269,
0.16190,
0.16079,
0.15935,
0.15760,
0.15553,
0.15314,
0.15044,
0.14743,
0.14411,
0.14048,
0.13656,
0.13235,
0.12785,
0.12307,
0.11802,
0.11271,
0.10714,
0.10133,
0.09528,
0.08901,
0.08253,
0.07584,
0.06896,
0.06190,
0.05468,
0.04730,
0.03979,
0.03214,
0.02439,
0.01654,
0.00860,
0.00060,
-0.00746,
-0.01555,
-0.02366,
-0.03179,
-0.03990,
-0.04799,
-0.05603,
-0.06402,
-0.07194,
-0.07977,
-0.08750,
-0.09511,
-0.10258,
-0.10991,
-0.11707,
-0.12405,
-0.13084,
-0.13742,
-0.14378,
-0.14991,
-0.15579,
-0.16141,
-0.16675,
-0.17182,
-0.17659,
-0.18105,
-0.18520,
-0.18902,
-0.19251,
-0.19566,
-0.19846,
-0.20090,
-0.20298,
-0.20469,
-0.20603,
-0.20699,
-0.20757,
-0.20776,
-0.20757,
-0.20699,
-0.20602,
-0.20466,
-0.20292,
-0.20079,
-0.19828,
-0.19539,
-0.19212,
-0.18848,
-0.18448,
-0.18012,
-0.17540,
-0.17034,
-0.16494,
-0.15922,
-0.15317,
-0.14682,
-0.14018,
-0.13324,
-0.12604,
-0.11857,
-0.11086,
-0.10291,
-0.09475,
-0.08638,
-0.07782,
-0.06909,
-0.06020,
-0.05118,
-0.04202,
-0.03276,
-0.02342,
-0.01399,
-0.00452,
0.00499,
0.01452,
0.02406,
0.03357,
0.04305,
0.05247,
0.06182,
0.07109,
0.08024,
0.08927,
0.09815,
0.10688,
0.11542,
0.12377,
0.13192,
0.13983,
0.14750,
0.15492,
0.16206,
0.16891,
0.17547,
0.18171,
0.18762,
0.19320,
0.19843,
0.20329,
0.20779,
0.21190,
0.21563,
0.21896,
0.22188,
0.22440,
0.22650,
0.22818,
0.22943,
0.23026,
0.23065,
0.23061,
0.23014,
0.22924,
0.22791,
0.22614,
0.22395,
0.22133,
0.21830,
0.21485,
0.21099,
0.20672,
0.20207,
0.19702,
0.19160,
0.18581,
0.17967,
0.17317,
0.16634,
0.15919,
0.15174,
0.14398,
0.13595,
0.12765,
0.11910,
0.11031,
0.10131,
0.09210,
0.08272,
0.07316,
0.06346,
0.05362,
0.04368,
0.03364,
0.02353,
0.01336,
0.00316,
-0.00706,
-0.01728,
-0.02747,
-0.03762,
-0.04771,
-0.05773,
-0.06764,
-0.07743,
-0.08709,
-0.09659,
-0.10592,
-0.11506,
-0.12400,
-0.13270,
-0.14117,
-0.14938,
-0.15731,
-0.16496,
-0.17231,
-0.17934,
-0.18604,
-0.19240,
-0.19840,
-0.20404,
-0.20930,
-0.21418,
-0.21866,
-0.22274,
-0.22640,
-0.22965,
-0.23248,
-0.23488,
-0.23684,
-0.23837,
-0.23946,
-0.24011,
-0.24032,
-0.24009,
-0.23941,
-0.23830,
-0.23675,
-0.23477,
-0.23235,
-0.22952,
-0.22626,
-0.22260,
-0.21853,
-0.21406,
-0.20921,
-0.20398,
-0.19839,
-0.19243,
-0.18614,
-0.17951,
-0.17257,
-0.16532,
-0.15778,
-0.14996,
-0.14189,
-0.13357,
-0.12502,
-0.11626,
-0.10730,
-0.09817,
-0.08887,
-0.07944,
-0.06988,
-0.06022,
-0.05047,
-0.04065,
-0.03078,
-0.02088,
-0.01097,
-0.00107,
0.00881,
0.01865,
0.02842,
0.03811,
0.04770,
0.05717,
0.06651,
0.07570,
0.08472,
0.09356,
0.10219,
0.11060,
0.11879,
0.12673,
0.13440,
0.14180,
0.14892,
0.15573,
0.16223,
0.16841,
0.17426,
0.17977,
0.18492,
0.18971,
0.19414,
0.19819,
0.20186,
0.20514,
0.20804,
0.21054,
0.21265,
0.21436,
0.21566,
0.21657,
0.21708,
0.21719,
0.21691,
0.21623,
0.21517,
0.21371,
0.21188,
0.20967,
0.20710,
0.20416,
0.20087,
0.19724,
0.19328,
0.18899,
0.18438,
0.17947,
0.17427,
0.16880,
0.16305,
0.15706,
0.15082,
0.14436,
0.13769,
0.13082,
0.12377,
0.11656,
0.10920,
0.10170,
0.09409,
0.08638,
0.07858,
0.07071,
0.06279,
0.05483,
0.04686,
0.03889,
0.03092,
0.02299,
0.01511,
0.00729,
-0.00046,
-0.00811,
-0.01566,
-0.02308,
-0.03036,
-0.03749,
-0.04446,
-0.05125,
-0.05785,
-0.06425,
-0.07043,
-0.07638,
-0.08210,
-0.08757,
-0.09279,
-0.09775,
-0.10243,
-0.10683,
-0.11094,
-0.11476,
-0.11829,
-0.12151,
-0.12442,
-0.12702,
-0.12931,
-0.13128,
-0.13294,
-0.13428,
-0.13531,
-0.13602,
-0.13641,
-0.13650,
-0.13627,
-0.13574,
-0.13491,
-0.13379,
-0.13237,
-0.13068,
-0.12870,
-0.12646,
-0.12396,
-0.12120,
-0.11820,
-0.11497,
-0.11152,
-0.10785,
-0.10398,
-0.09992,
-0.09568,
-0.09128,
-0.08672,
-0.08203,
-0.07720,
-0.07226,
-0.06722,
-0.06209,
-0.05689,
-0.05163,
-0.04632,
-0.04098,
-0.03562,
-0.03026,
-0.02490,
-0.01957,
-0.01428,
-0.00904,
-0.00386,
0.00124,
0.00626,
0.01117